-- --------------------------------------------------------
-- Host:                         127.0.0.1
-- Server version:               8.0.29 - MySQL Community Server - GPL
-- Server OS:                    Win64
-- HeidiSQL Version:             12.6.0.6765
-- --------------------------------------------------------

/*!40101 SET @OLD_CHARACTER_SET_CLIENT=@@CHARACTER_SET_CLIENT */;
/*!40101 SET NAMES utf8 */;
/*!50503 SET NAMES utf8mb4 */;
/*!40103 SET @OLD_TIME_ZONE=@@TIME_ZONE */;
/*!40103 SET TIME_ZONE='+00:00' */;
/*!40014 SET @OLD_FOREIGN_KEY_CHECKS=@@FOREIGN_KEY_CHECKS, FOREIGN_KEY_CHECKS=0 */;
/*!40101 SET @OLD_SQL_MODE=@@SQL_MODE, SQL_MODE='NO_AUTO_VALUE_ON_ZERO' */;
/*!40111 SET @OLD_SQL_NOTES=@@SQL_NOTES, SQL_NOTES=0 */;


-- Dumping database structure for anytrades
CREATE DATABASE IF NOT EXISTS `anytrades` /*!40100 DEFAULT CHARACTER SET utf8mb4 COLLATE utf8mb4_0900_ai_ci */ /*!80016 DEFAULT ENCRYPTION='N' */;
USE `anytrades`;

-- Dumping structure for table anytrades.admin
CREATE TABLE IF NOT EXISTS `admin` (
  `id` int NOT NULL AUTO_INCREMENT,
  `name` varchar(100) NOT NULL,
  `nic` varchar(12) NOT NULL,
  `email` varchar(120) NOT NULL,
  `password` varchar(20) CHARACTER SET utf8mb4 COLLATE utf8mb4_0900_ai_ci NOT NULL,
  `mobile` varchar(10) NOT NULL,
  `verification_code` varchar(10) CHARACTER SET utf8mb4 COLLATE utf8mb4_0900_ai_ci DEFAULT NULL,
  PRIMARY KEY (`id`)
) ENGINE=InnoDB AUTO_INCREMENT=2 DEFAULT CHARSET=utf8mb4 COLLATE=utf8mb4_0900_ai_ci;

-- Dumping data for table anytrades.admin: ~0 rows (approximately)
REPLACE INTO `admin` (`id`, `name`, `nic`, `email`, `password`, `mobile`, `verification_code`) VALUES
	(1, 'S.T. Vihanga Heshan', '200206702833', 'vihangaheshan37@gmail.com', 'asd321asd', '0719892932', NULL);

-- Dumping structure for table anytrades.brand
CREATE TABLE IF NOT EXISTS `brand` (
  `id` int NOT NULL AUTO_INCREMENT,
  `name` varchar(50) DEFAULT NULL,
  `category_id` int NOT NULL,
  PRIMARY KEY (`id`),
  KEY `fk_brand_category1_idx` (`category_id`) USING BTREE,
  CONSTRAINT `fk_brand_category1` FOREIGN KEY (`category_id`) REFERENCES `category` (`id`)
) ENGINE=InnoDB AUTO_INCREMENT=85 DEFAULT CHARSET=utf8mb4 COLLATE=utf8mb4_0900_ai_ci;

-- Dumping data for table anytrades.brand: ~83 rows (approximately)
REPLACE INTO `brand` (`id`, `name`, `category_id`) VALUES
	(1, 'Ford', 1),
	(2, 'Honda', 1),
	(3, 'Volswagen', 1),
	(4, 'Toyota', 1),
	(5, 'BMW', 1),
	(6, 'Nissan', 1),
	(7, 'Mercedes-Benz', 1),
	(8, 'Hyundai', 1),
	(9, 'Audi', 1),
	(10, 'Ferrari', 1),
	(11, 'Porsche', 1),
	(12, 'Mazda', 1),
	(13, 'Kia', 1),
	(14, 'Tesla', 1),
	(15, 'KTM', 1),
	(16, 'Kawasaki', 1),
	(17, 'Ducati', 1),
	(18, 'Bajaj', 1),
	(19, 'Royal Infield', 1),
	(20, 'Suzuki', 1),
	(21, 'TVS', 1),
	(22, 'Samsung', 2),
	(23, 'Huawei', 2),
	(24, 'Xiaomi', 2),
	(25, 'Apple', 2),
	(26, 'Oppo', 2),
	(27, 'Nokia', 2),
	(28, 'Vivo', 2),
	(29, 'OnePlus', 2),
	(30, 'Realme', 2),
	(31, 'Alcatel', 2),
	(32, 'Sony', 2),
	(33, 'HTC', 2),
	(34, 'Microsoft', 2),
	(35, 'Asus', 2),
	(36, 'Tecno', 2),
	(37, 'Honor', 2),
	(38, 'LG', 2),
	(39, 'Dell', 3),
	(40, 'Lenovo', 3),
	(41, 'Acer', 3),
	(42, 'Apple', 3),
	(43, 'Asus', 3),
	(44, 'Samsung', 3),
	(45, 'MSI', 3),
	(46, 'Microsoft', 3),
	(47, 'Toshiba', 3),
	(48, 'Alienware', 3),
	(49, 'Razer', 3),
	(50, 'IBM', 3),
	(51, 'Sony', 3),
	(52, 'Intel', 3),
	(53, 'Fujitsu', 3),
	(54, 'GIGABYTE', 3),
	(55, 'Sony', 4),
	(56, 'Apple', 4),
	(57, 'Samsung', 4),
	(58, 'Toshiba', 4),
	(59, 'Panasonic', 4),
	(60, 'Dell', 4),
	(61, 'Canon', 4),
	(62, 'Nokia', 4),
	(63, 'Nikon', 4),
	(64, 'Philips', 4),
	(65, 'Hitachi', 4),
	(66, 'Lenovo', 4),
	(67, 'Microsoft', 4),
	(68, 'Fujitsu', 4),
	(69, 'Intel', 4),
	(70, 'Xiaomi', 4),
	(71, 'Huawei', 4),
	(72, 'Asus', 4),
	(73, 'Acer', 4),
	(74, 'Hisense', 4),
	(75, 'Other', 1),
	(76, 'Other', 2),
	(77, 'Other', 3),
	(78, 'Other', 4),
	(79, 'Other', 5),
	(80, 'Other', 6),
	(81, 'Other', 7),
	(82, 'Other', 8),
	(83, 'Other', 9),
	(84, 'UGREEN', 9);

-- Dumping structure for table anytrades.brand_has_model
CREATE TABLE IF NOT EXISTS `brand_has_model` (
  `id` int NOT NULL AUTO_INCREMENT,
  `model_id` int NOT NULL,
  `brand_id` int NOT NULL,
  PRIMARY KEY (`id`),
  KEY `fk_brand_has_model_model1_idx` (`model_id`),
  KEY `fk_brand_has_model_brand1_idx` (`brand_id`),
  CONSTRAINT `fk_brand_has_model_brand1` FOREIGN KEY (`brand_id`) REFERENCES `brand` (`id`),
  CONSTRAINT `fk_brand_has_model_model1` FOREIGN KEY (`model_id`) REFERENCES `model` (`id`)
) ENGINE=InnoDB AUTO_INCREMENT=54 DEFAULT CHARSET=utf8mb4 COLLATE=utf8mb4_0900_ai_ci;

-- Dumping data for table anytrades.brand_has_model: ~47 rows (approximately)
REPLACE INTO `brand_has_model` (`id`, `model_id`, `brand_id`) VALUES
	(1, 1, 25),
	(2, 2, 25),
	(3, 3, 25),
	(4, 4, 25),
	(5, 5, 25),
	(6, 6, 25),
	(7, 7, 25),
	(8, 8, 25),
	(9, 9, 25),
	(10, 10, 25),
	(11, 11, 25),
	(12, 12, 25),
	(13, 13, 25),
	(14, 14, 25),
	(15, 15, 25),
	(16, 16, 25),
	(17, 17, 25),
	(18, 18, 25),
	(19, 19, 25),
	(20, 20, 25),
	(21, 21, 25),
	(22, 22, 25),
	(23, 23, 25),
	(24, 24, 25),
	(25, 25, 25),
	(26, 26, 25),
	(27, 27, 25),
	(28, 28, 25),
	(29, 29, 25),
	(30, 30, 25),
	(31, 37, 24),
	(32, 38, 24),
	(33, 39, 24),
	(34, 40, 24),
	(35, 41, 24),
	(36, 42, 24),
	(37, 43, 43),
	(38, 44, 75),
	(39, 44, 76),
	(40, 44, 77),
	(41, 44, 78),
	(42, 44, 79),
	(43, 44, 80),
	(44, 44, 81),
	(45, 44, 82),
	(46, 44, 83),
	(48, 44, 57),
	(49, 45, 84),
	(50, 46, 83),
	(51, 47, 41),
	(52, 48, 43),
	(53, 49, 44);

-- Dumping structure for table anytrades.cart
CREATE TABLE IF NOT EXISTS `cart` (
  `id` int NOT NULL AUTO_INCREMENT,
  `qty` int NOT NULL,
  `user_email` varchar(100) CHARACTER SET utf8mb3 COLLATE utf8_general_ci NOT NULL,
  `product_id` int NOT NULL,
  PRIMARY KEY (`id`),
  KEY `fk_cart_user1_idx` (`user_email`),
  KEY `fk_cart_product1_idx` (`product_id`),
  CONSTRAINT `fk_cart_product1` FOREIGN KEY (`product_id`) REFERENCES `product` (`id`),
  CONSTRAINT `fk_cart_user1` FOREIGN KEY (`user_email`) REFERENCES `user` (`email`)
) ENGINE=InnoDB AUTO_INCREMENT=73 DEFAULT CHARSET=utf8mb4 COLLATE=utf8mb4_0900_ai_ci;

-- Dumping data for table anytrades.cart: ~2 rows (approximately)
REPLACE INTO `cart` (`id`, `qty`, `user_email`, `product_id`) VALUES
	(70, 1, 'vihangaheshan.online@gmail.com', 20),
	(71, 1, 'vihangaheshan37@gmail.com', 19),
	(72, 1, 'vihangaheshan37@gmail.com', 14);

-- Dumping structure for table anytrades.category
CREATE TABLE IF NOT EXISTS `category` (
  `id` int NOT NULL AUTO_INCREMENT,
  `name` varchar(50) DEFAULT NULL,
  `img` varchar(500) CHARACTER SET utf8mb4 COLLATE utf8mb4_0900_ai_ci DEFAULT NULL,
  PRIMARY KEY (`id`)
) ENGINE=InnoDB AUTO_INCREMENT=10 DEFAULT CHARSET=utf8mb4 COLLATE=utf8mb4_0900_ai_ci;

-- Dumping data for table anytrades.category: ~9 rows (approximately)
REPLACE INTO `category` (`id`, `name`, `img`) VALUES
	(1, 'Automobiles & Parts', 'resources\\category\\stock-photo-cars-for-sale-stock-lot-row-car-dealer-inventory-636632101.jpg'),
	(2, 'Cellphone & Accessories', 'resources\\category\\stock-vector-realistic-smartphone-mockup-set-mobile-phone-blank-white-transparent-screen-design-modern-1664304343.jpg'),
	(3, 'Computer & Accessories', 'resources\\category\\stock-photo-streaming-games-concept-top-view-a-gaming-gear-mouse-webcams-keyboard-joystick-headset-and-1334534732.jpg'),
	(4, 'Electronics', 'resources\\category\\stock-photo--d-render-of-home-appliances-collection-set-1668941440.jpg'),
	(5, 'Education', 'resources\\category\\stock-photo-scientific-accessories-on-the-table-education-and-science-concept-285699512.jpg'),
	(6, 'Fashion & Style', 'resources\\category\\stock-photo-fashion-women-stylish-accessories-outfit-glamour-set-with-label-flat-lay-beige-pastel-background-1532053424.jpg'),
	(7, 'Furniter', 'resources\\category\\stock-photo-modern-living-room-with-sofa-and-furniture-549055441.jpg'),
	(8, 'Video Game Consoles', 'resources\\category\\stock-photo-black-standard-videogame-controller-headphones-and-game-console-on-a-blue-gradient-background-d-1558273910.jpg'),
	(9, 'Wire & Cables', 'resources\\category\\stock-photo-tools-and-cables-used-in-electrical-home-installation-722885863.jpg');

-- Dumping structure for table anytrades.chat
CREATE TABLE IF NOT EXISTS `chat` (
  `id` int NOT NULL AUTO_INCREMENT,
  `time` datetime NOT NULL,
  `content` text NOT NULL,
  `from` varchar(100) CHARACTER SET utf8mb3 COLLATE utf8_general_ci NOT NULL,
  `to` varchar(100) CHARACTER SET utf8mb3 COLLATE utf8_general_ci NOT NULL,
  `direction` varchar(1) CHARACTER SET utf8mb4 COLLATE utf8mb4_0900_ai_ci NOT NULL,
  `status` varchar(1) CHARACTER SET utf8mb4 COLLATE utf8mb4_0900_ai_ci NOT NULL DEFAULT '0',
  PRIMARY KEY (`id`),
  KEY `fk_chat_user1_idx` (`from`) USING BTREE,
  KEY `fk_chat_user2_idx` (`to`) USING BTREE,
  CONSTRAINT `fk_chat_user1` FOREIGN KEY (`from`) REFERENCES `user` (`email`),
  CONSTRAINT `fk_chat_user2` FOREIGN KEY (`to`) REFERENCES `user` (`email`)
) ENGINE=InnoDB AUTO_INCREMENT=299 DEFAULT CHARSET=utf8mb4 COLLATE=utf8mb4_0900_ai_ci;

-- Dumping data for table anytrades.chat: ~0 rows (approximately)
REPLACE INTO `chat` (`id`, `time`, `content`, `from`, `to`, `direction`, `status`) VALUES
	(298, '2024-06-28 06:55:05', 'Hi, Good morning', 'akilabiman2002@gmail.com', 'vihangaheshan37@gmail.com', '1', '1');

-- Dumping structure for table anytrades.city
CREATE TABLE IF NOT EXISTS `city` (
  `id` int NOT NULL AUTO_INCREMENT,
  `name` varchar(255) CHARACTER SET utf8mb4 COLLATE utf8mb4_0900_ai_ci DEFAULT NULL,
  `district_id` int NOT NULL,
  PRIMARY KEY (`id`),
  KEY `fk_city_district1_idx` (`district_id`),
  CONSTRAINT `fk_city_district1` FOREIGN KEY (`district_id`) REFERENCES `district` (`id`)
) ENGINE=InnoDB AUTO_INCREMENT=3018 DEFAULT CHARSET=utf8mb4 COLLATE=utf8mb4_0900_ai_ci;

-- Dumping data for table anytrades.city: ~2,000 rows (approximately)
REPLACE INTO `city` (`id`, `name`, `district_id`) VALUES
	(1018, 'Akarawita', 1),
	(1019, 'Akuregoda', 1),
	(1020, 'Angoda', 1),
	(1021, 'Athurugiriya', 1),
	(1022, 'Avissawella', 1),
	(1023, 'Batawala', 1),
	(1024, 'Battaramulla', 1),
	(1025, 'Batugampola', 1),
	(1026, 'Bellanwila', 1),
	(1027, 'Bope', 1),
	(1028, 'Boralesgamuwa', 1),
	(1029, 'Colombo 1 (Fort)', 1),
	(1030, 'Colombo 10 (Panchikawatte, Maradana)', 1),
	(1031, 'Colombo 11 (Pettah)', 1),
	(1032, 'Colombo 12 (Hulfts Dorp)', 1),
	(1033, 'Colombo 13 (Kotahena,Kochchikade)', 1),
	(1034, 'Colombo 14 (Grandpass)', 1),
	(1035, 'Colombo 15 (Mutwal, Modara, Mattakuliya, Madampitiya)', 1),
	(1036, 'Colombo 2 (Slave lsland)', 1),
	(1037, 'Colombo 3 (Kollupitiya)', 1),
	(1038, 'Colombo 4 (Bambalapitiya)', 1),
	(1039, 'Colombo 5 (Havelock town,Kirulapane South)', 1),
	(1040, 'Colombo 6 (Wellawatta, Pamankada, Kirulapane North)', 1),
	(1041, 'Colombo 7 (Cinnamon Gardens)', 1),
	(1042, 'Colombo 8 (Borella)', 1),
	(1043, 'Colombo 9 (Dematagoda)', 1),
	(1044, 'Dedigamuwa', 1),
	(1045, 'Dehiwala', 1),
	(1046, 'Deltara', 1),
	(1047, 'Ethul Kotte', 1),
	(1048, 'Godagama', 1),
	(1049, 'Gothatuwa', 1),
	(1050, 'Habarakada', 1),
	(1051, 'Handapangoda', 1),
	(1052, 'Hanwella', 1),
	(1053, 'Hewainna', 1),
	(1054, 'Hiripitya', 1),
	(1055, 'Hokandara', 1),
	(1056, 'Homagama', 1),
	(1057, 'Horagala', 1),
	(1058, 'Ingiriya', 1),
	(1059, 'Kaduwela', 1),
	(1060, 'Kahathuduwa', 1),
	(1061, 'Kahawala', 1),
	(1062, 'Kalatuwawa', 1),
	(1063, 'Kaluaggala', 1),
	(1064, 'Kalubowila', 1),
	(1065, 'Kesbewa', 1),
	(1066, 'Kiriwattuduwa', 1),
	(1067, 'Kohuwala', 1),
	(1068, 'Kolonnawa', 1),
	(1069, 'Kosgama', 1),
	(1070, 'Kotikawatta', 1),
	(1071, 'Kottawa', 1),
	(1072, 'Kotte', 1),
	(1073, 'Madapatha', 1),
	(1074, 'Madiwela', 1),
	(1075, 'Maharagama', 1),
	(1076, 'Malabe', 1),
	(1077, 'Mattegoda', 1),
	(1078, 'Meegoda', 1),
	(1079, 'Meepe', 1),
	(1080, 'Moragahahena', 1),
	(1081, 'Moratuwa', 1),
	(1082, 'Mount Lavinia', 1),
	(1083, 'Mullegama', 1),
	(1084, 'Mulleriyawa New Town', 1),
	(1085, 'Napawela', 1),
	(1086, 'Navagamuwa', 1),
	(1087, 'Nawala', 1),
	(1088, 'Nugegoda', 1),
	(1089, 'Padukka', 1),
	(1090, 'Pannipitiya', 1),
	(1091, 'Pelawatta', 1),
	(1092, 'Peliyagoda', 1),
	(1093, 'Pepiliyana', 1),
	(1094, 'Piliyandala', 1),
	(1095, 'Pita Kotte', 1),
	(1096, 'Pitipana Homagama', 1),
	(1097, 'Polgasowita', 1),
	(1098, 'Puwakpitiya', 1),
	(1099, 'Rajagiriya', 1),
	(1100, 'Ranala', 1),
	(1101, 'Ratmalana', 1),
	(1102, 'Siddamulla', 1),
	(1103, 'Sri Jayawardenepura Kotte', 1),
	(1104, 'Talawatugoda', 1),
	(1105, 'Thalapathpitiya', 1),
	(1106, 'Tummodara', 1),
	(1107, 'Waga', 1),
	(1108, 'Watareka', 1),
	(1109, 'Wellampitiya', 1),
	(1110, 'Akaragama', 2),
	(1111, 'Alawala', 2),
	(1112, 'Ambagaspitiya', 2),
	(1113, 'Ambepussa', 2),
	(1114, 'Andiambalama', 2),
	(1115, 'Attanagalla', 2),
	(1116, 'Badalgama', 2),
	(1117, 'Balabowa', 2),
	(1118, 'Banduragoda', 2),
	(1119, 'Batuwatta', 2),
	(1120, 'Bemmulla', 2),
	(1121, 'Biyagama', 2),
	(1122, 'Biyagama IPZ', 2),
	(1123, 'Bokalagama', 2),
	(1124, 'Bollete (WP)', 2),
	(1125, 'Bopagama', 2),
	(1126, 'Buthpitiya', 2),
	(1127, 'Dagonna', 2),
	(1128, 'Dalugama', 2),
	(1129, 'Danowita', 2),
	(1130, 'Debahera', 2),
	(1131, 'Dekatana', 2),
	(1132, 'Delgoda', 2),
	(1133, 'Delwagura', 2),
	(1134, 'Demalagama', 2),
	(1135, 'Demanhandiya', 2),
	(1136, 'Dewalapola', 2),
	(1137, 'Divulapitiya', 2),
	(1138, 'Divuldeniya', 2),
	(1139, 'Dompe', 2),
	(1140, 'Dunagaha', 2),
	(1141, 'Ekala', 2),
	(1142, 'Ellakkala', 2),
	(1143, 'Essella', 2),
	(1144, 'Gampaha', 2),
	(1145, 'Ganemulla', 2),
	(1146, 'GonawalaWP', 2),
	(1147, 'Heiyanthuduwa', 2),
	(1148, 'Hendala', 2),
	(1149, 'Henegama', 2),
	(1150, 'Hinatiyana Madawala', 2),
	(1151, 'Hiswella', 2),
	(1152, 'Horampella', 2),
	(1153, 'Hunumulla', 2),
	(1154, 'Ihala Madampella', 2),
	(1155, 'Imbulgoda', 2),
	(1156, 'Ja-Ela', 2),
	(1157, 'Kadawatha', 2),
	(1158, 'Kadirana', 2),
	(1159, 'Kahatowita', 2),
	(1160, 'Kalagedihena', 2),
	(1161, 'Kaleliya', 2),
	(1162, 'Kandana', 2),
	(1163, 'Kapugoda', 2),
	(1164, 'Katana', 2),
	(1165, 'Kattuwa', 2),
	(1166, 'Katunayake', 2),
	(1167, 'Katunayake Air Force Camp', 2),
	(1168, 'Katunayake(FTZ)', 2),
	(1169, 'Katuwellegama', 2),
	(1170, 'Kelaniya', 2),
	(1171, 'Kimbulapitiya', 2),
	(1172, 'Kiribathgoda', 2),
	(1173, 'Kirillawala', 2),
	(1174, 'Kirindiwela', 2),
	(1175, 'Kitalawalana', 2),
	(1176, 'Kitulwala', 2),
	(1177, 'Kochchikade', 2),
	(1178, 'Kotadeniyawa', 2),
	(1179, 'Kotugoda', 2),
	(1180, 'Kumbaloluwa', 2),
	(1181, 'Loluwagoda', 2),
	(1182, 'Lunugama', 2),
	(1183, 'Mabodale', 2),
	(1184, 'Madelgamuwa', 2),
	(1185, 'Mahabage', 2),
	(1186, 'Makewita', 2),
	(1187, 'Makola', 2),
	(1188, 'Malwana', 2),
	(1189, 'Mandawala', 2),
	(1190, 'Marandagahamula', 2),
	(1191, 'Mellawagedara', 2),
	(1192, 'Minuwangoda', 2),
	(1193, 'Mirigama', 2),
	(1194, 'Mithirigala', 2),
	(1195, 'Muddaragama', 2),
	(1196, 'Mudungoda', 2),
	(1197, 'Naranwala', 2),
	(1198, 'Nawana', 2),
	(1199, 'Nedungamuwa', 2),
	(1200, 'Negombo', 2),
	(1201, 'Nikahetikanda', 2),
	(1202, 'Nittambuwa', 2),
	(1203, 'Niwandama', 2),
	(1204, 'Pallewela', 2),
	(1205, 'Pamunugama', 2),
	(1206, 'Pamunuwatta', 2),
	(1207, 'Pasyala', 2),
	(1208, 'Peliyagoda', 2),
	(1209, 'Pepiliyawala', 2),
	(1210, 'Pethiyagoda', 2),
	(1211, 'Polpithimukulana', 2),
	(1212, 'Pugoda', 2),
	(1213, 'Radawadunna', 2),
	(1214, 'Radawana', 2),
	(1215, 'Raddolugama', 2),
	(1216, 'Ragama', 2),
	(1217, 'Ruggahawila', 2),
	(1218, 'Rukmale', 2),
	(1219, 'Seeduwa', 2),
	(1220, 'Siyambalape', 2),
	(1221, 'Talahena', 2),
	(1222, 'Thihariya', 2),
	(1223, 'Thimbirigaskatuwa', 2),
	(1224, 'Tittapattara', 2),
	(1225, 'Udathuthiripitiya', 2),
	(1226, 'Udugampola', 2),
	(1227, 'Uggalboda', 2),
	(1228, 'Urapola', 2),
	(1229, 'Uswetakeiyawa', 2),
	(1230, 'Veyangoda', 2),
	(1231, 'Walgammulla', 2),
	(1232, 'Walpita', 2),
	(1233, 'Walpola (WP)', 2),
	(1234, 'Wanaluwewa', 2),
	(1235, 'Wathurugama', 2),
	(1236, 'Watinapaha', 2),
	(1237, 'Wattala', 2),
	(1238, 'Weboda', 2),
	(1239, 'Wegowwa', 2),
	(1240, 'Welisara', 2),
	(1241, 'Weliveriya', 2),
	(1242, 'Weweldeniya', 2),
	(1243, 'Yakkala', 2),
	(1244, 'Yatiyana(WP)', 2),
	(1245, 'Agalawatta', 3),
	(1246, 'Alubomulla', 3),
	(1247, 'Alutgama', 3),
	(1248, 'Anguruwatota', 3),
	(1249, 'Baduraliya', 3),
	(1250, 'Bandaragama', 3),
	(1251, 'Bellana', 3),
	(1252, 'Benthara', 3),
	(1253, 'Beruwala', 3),
	(1254, 'Bolossagama', 3),
	(1255, 'Bombuwala', 3),
	(1256, 'Boralugoda', 3),
	(1257, 'Bulathsinhala', 3),
	(1258, 'Danawala Thiniyawala', 3),
	(1259, 'Delmella', 3),
	(1260, 'Dharga Town', 3),
	(1261, 'Diwalakada', 3),
	(1262, 'Dodangoda', 3),
	(1263, 'Dombagoda', 3),
	(1264, 'Galpatha', 3),
	(1265, 'Gamagoda', 3),
	(1266, 'Gonapola Junction', 3),
	(1267, 'Govinna', 3),
	(1268, 'Gurulubadda', 3),
	(1269, 'Halkandawila', 3),
	(1270, 'Haltota', 3),
	(1271, 'Halwala', 3),
	(1272, 'Halwatura', 3),
	(1273, 'Hedigalla Colony', 3),
	(1274, 'Horana', 3),
	(1275, 'Ittapana', 3),
	(1276, 'Kalawila Kiranthidiya', 3),
	(1277, 'Kalutara', 3),
	(1278, 'Kananwila', 3),
	(1279, 'Kandanagama', 3),
	(1280, 'Kehelwatta', 3),
	(1281, 'Kelinkanda', 3),
	(1282, 'Kitulgoda', 3),
	(1283, 'Koholana', 3),
	(1284, 'Kuda Uduwa', 3),
	(1285, 'Kumbuka', 3),
	(1286, 'lngiriya', 3),
	(1287, 'Maggona', 3),
	(1288, 'Mahagama', 3),
	(1289, 'Mahakalupahana', 3),
	(1290, 'Matugama', 3),
	(1291, 'Meegahatenna', 3),
	(1292, 'Meegama', 3),
	(1293, 'Millaniya', 3),
	(1294, 'Millewa', 3),
	(1295, 'Miwanapalana', 3),
	(1296, 'Molkawa', 3),
	(1297, 'Morapitiya', 3),
	(1298, 'Morontuduwa', 3),
	(1299, 'Nawattuduwa', 3),
	(1300, 'Neboda', 3),
	(1301, 'Padagoda', 3),
	(1302, 'Pahalahewessa', 3),
	(1303, 'Paiyagala', 3),
	(1304, 'Panadura', 3),
	(1305, 'Pannila', 3),
	(1306, 'Paragastota', 3),
	(1307, 'Paragoda', 3),
	(1308, 'Paraigama', 3),
	(1309, 'Pelanda', 3),
	(1310, 'Pelawatta', 3),
	(1311, 'Pokunuwita', 3),
	(1312, 'Polgampola', 3),
	(1313, 'Poruwedanda', 3),
	(1314, 'Remunagoda', 3),
	(1315, 'Tebuwana', 3),
	(1316, 'Uduwara', 3),
	(1317, 'Utumgama', 3),
	(1318, 'Veyangalla', 3),
	(1319, 'Wadduwa', 3),
	(1320, 'Walagedara', 3),
	(1321, 'Walallawita', 3),
	(1322, 'Waskaduwa', 3),
	(1323, 'Welipenna', 3),
	(1324, 'Welmilla Junction', 3),
	(1325, 'Yagirala', 3),
	(1326, 'Yatadolawatta', 3),
	(1327, 'Yatawara Junction', 3),
	(1328, 'Akurana', 4),
	(1329, 'Alawatugoda', 4),
	(1330, 'Aludeniya', 4),
	(1331, 'Ambagahapelessa', 4),
	(1332, 'Ambatenna', 4),
	(1333, 'Ampitiya', 4),
	(1334, 'Aniwatta', 4),
	(1335, 'Ankumbura', 4),
	(1336, 'Asgiriya', 4),
	(1337, 'Atabage', 4),
	(1338, 'Balagolla', 4),
	(1339, 'Balana', 4),
	(1340, 'Bambaragahaela', 4),
	(1341, 'Barawardhana Oya', 4),
	(1342, 'Batagolladeniya', 4),
	(1343, 'Batugoda', 4),
	(1344, 'Batumulla', 4),
	(1345, 'Bawlana', 4),
	(1346, 'Bopana', 4),
	(1347, 'Dangolla', 4),
	(1348, 'Danture', 4),
	(1349, 'Dedunupitiya', 4),
	(1350, 'Dekinda', 4),
	(1351, 'Deltota', 4),
	(1352, 'Digana', 4),
	(1353, 'Dolapihilla', 4),
	(1354, 'Dolosbage', 4),
	(1355, 'Doluwa', 4),
	(1356, 'Doragamuwa', 4),
	(1357, 'Dunuwila', 4),
	(1358, 'Ekiriya', 4),
	(1359, 'Elamulla', 4),
	(1360, 'Elkaduwa', 4),
	(1361, 'Etulgama', 4),
	(1362, 'Galaboda', 4),
	(1363, 'Galagedara', 4),
	(1364, 'Galaha', 4),
	(1365, 'Galhinna', 4),
	(1366, 'Gallellagama', 4),
	(1367, 'Gampola', 4),
	(1368, 'Gelioya', 4),
	(1369, 'Godamunna', 4),
	(1370, 'Gomagoda', 4),
	(1371, 'Gonagantenna', 4),
	(1372, 'Gonawalapatana', 4),
	(1373, 'Gunnepana', 4),
	(1374, 'Gurudeniya', 4),
	(1375, 'Halloluwa', 4),
	(1376, 'Handaganawa', 4),
	(1377, 'Handawalapitiya', 4),
	(1378, 'Handessa', 4),
	(1379, 'Hanguranketha', 4),
	(1380, 'Hantane', 4),
	(1381, 'Haragama', 4),
	(1382, 'Harankahawa', 4),
	(1383, 'Hasalaka', 4),
	(1384, 'Hataraliyadda', 4),
	(1385, 'Heerassagala', 4),
	(1386, 'Hewaheta', 4),
	(1387, 'Hindagala', 4),
	(1388, 'Hondiyadeniya', 4),
	(1389, 'Hunnasgiriya', 4),
	(1390, 'Jambugahapitiya', 4),
	(1391, 'Kadugannawa', 4),
	(1392, 'Kahataliyadda', 4),
	(1393, 'Kalugala', 4),
	(1394, 'Kandy', 4),
	(1395, 'Kapuliyadde', 4),
	(1396, 'Karandagolla', 4),
	(1397, 'Katugastota', 4),
	(1398, 'Kengalla', 4),
	(1399, 'Ketakumbura', 4),
	(1400, 'Ketawala Leula', 4),
	(1401, 'Kiribathkumbura', 4),
	(1402, 'Kobonila', 4),
	(1403, 'Kolabissa', 4),
	(1404, 'Kolongoda', 4),
	(1405, 'Kulugammana', 4),
	(1406, 'Kumbukkandura', 4),
	(1407, 'Kumburegama', 4),
	(1408, 'Kundasale', 4),
	(1409, 'Leemagahakotuwa', 4),
	(1410, 'Lewella', 4),
	(1411, 'lhala Kobbekaduwa', 4),
	(1412, 'lllagolla', 4),
	(1413, 'Lunuketiya Maditta', 4),
	(1414, 'Madawala Bazaar', 4),
	(1415, 'Madugalla', 4),
	(1416, 'Madulkele', 4),
	(1417, 'Mahadoraliyadda', 4),
	(1418, 'Mahamedagama', 4),
	(1419, 'Mailapitiya', 4),
	(1420, 'Makkanigama', 4),
	(1421, 'Makuldeniya', 4),
	(1422, 'Mandaram Nuwara', 4),
	(1423, 'Mapakanda', 4),
	(1424, 'Marassana', 4),
	(1425, 'Marymount Colony', 4),
	(1426, 'Maturata', 4),
	(1427, 'Mawatura', 4),
	(1428, 'Mawilmada', 4),
	(1429, 'Medamahanuwara', 4),
	(1430, 'Medawala Harispattuwa', 4),
	(1431, 'Meetalawa', 4),
	(1432, 'Megoda Kalugamuwa', 4),
	(1433, 'Menikdiwela', 4),
	(1434, 'Menikhinna', 4),
	(1435, 'Mimure', 4),
	(1436, 'Minigamuwa', 4),
	(1437, 'Minipe', 4),
	(1438, 'Murutalawa', 4),
	(1439, 'Muruthagahamulla', 4),
	(1440, 'Naranpanawa', 4),
	(1441, 'Nattarampotha', 4),
	(1442, 'Nawalapitiya', 4),
	(1443, 'Nillambe', 4),
	(1444, 'Nugaliyadda', 4),
	(1445, 'Nugawela', 4),
	(1446, 'Pallebowala', 4),
	(1447, 'Pallekelle', 4),
	(1448, 'Pallekotuwa', 4),
	(1449, 'Panvila', 4),
	(1450, 'Panwilatenna', 4),
	(1451, 'Paradeka', 4),
	(1452, 'Pasbage', 4),
	(1453, 'Pattitalawa', 4),
	(1454, 'Pattiya Watta', 4),
	(1455, 'Peradeniya', 4),
	(1456, 'Pilawala', 4),
	(1457, 'Pilimatalawa', 4),
	(1458, 'Poholiyadda', 4),
	(1459, 'Polgolla', 4),
	(1460, 'Pujapitiya', 4),
	(1461, 'Pupuressa', 4),
	(1462, 'Pussellawa', 4),
	(1463, 'Putuhapuwa', 4),
	(1464, 'Rajawella', 4),
	(1465, 'Rambukpitiya', 4),
	(1466, 'Rambukwella', 4),
	(1467, 'Rangala', 4),
	(1468, 'Rantembe', 4),
	(1469, 'Rathukohodigala', 4),
	(1470, 'Rikillagaskada', 4),
	(1471, 'Sangarajapura', 4),
	(1472, 'Senarathwela', 4),
	(1473, 'Talatuoya', 4),
	(1474, 'Tawalantenna', 4),
	(1475, 'Teldeniya', 4),
	(1476, 'Tennekumbura', 4),
	(1477, 'Uda Peradeniya', 4),
	(1478, 'Udahentenna', 4),
	(1479, 'Udahingulwala', 4),
	(1480, 'Udatalawinna', 4),
	(1481, 'Udawatta', 4),
	(1482, 'Udispattuwa', 4),
	(1483, 'Ududumbara', 4),
	(1484, 'Uduwa', 4),
	(1485, 'Uduwahinna', 4),
	(1486, 'Uduwela', 4),
	(1487, 'Ulapane', 4),
	(1488, 'Ulpothagama', 4),
	(1489, 'Unuwinna', 4),
	(1490, 'Velamboda', 4),
	(1491, 'Watagoda Harispattuwa', 4),
	(1492, 'Watapuluwa', 4),
	(1493, 'Wattappola', 4),
	(1494, 'Wattegama', 4),
	(1495, 'Weligalla', 4),
	(1496, 'Weligampola', 4),
	(1497, 'Wendaruwa', 4),
	(1498, 'Weragantota', 4),
	(1499, 'Werapitya', 4),
	(1500, 'Werellagama', 4),
	(1501, 'Wettawa', 4),
	(1502, 'Wilanagama', 4),
	(1503, 'Yahalatenna', 4),
	(1504, 'Yatihalagala', 4),
	(1505, 'Akuramboda', 5),
	(1506, 'Alwatta', 5),
	(1507, 'Ambana', 5),
	(1508, 'Ataragallewa', 5),
	(1509, 'Bambaragaswewa', 5),
	(1510, 'Beligamuwa', 5),
	(1511, 'Dambulla', 5),
	(1512, 'Dankanda', 5),
	(1513, 'Devagiriya', 5),
	(1514, 'Dewahuwa', 5),
	(1515, 'Dullewa', 5),
	(1516, 'Dunkolawatta', 5),
	(1517, 'Dunuwilapitiya', 5),
	(1518, 'Elkaduwa', 5),
	(1519, 'Erawula Junction', 5),
	(1520, 'Etanawala', 5),
	(1521, 'Galewela', 5),
	(1522, 'Gammaduwa', 5),
	(1523, 'Gangala Puwakpitiya', 5),
	(1524, 'Handungamuwa', 5),
	(1525, 'Hattota Amuna', 5),
	(1526, 'Imbulgolla', 5),
	(1527, 'Inamaluwa', 5),
	(1528, 'Kaikawala', 5),
	(1529, 'Kalundawa', 5),
	(1530, 'Kandalama', 5),
	(1531, 'Karagahinna', 5),
	(1532, 'Katudeniya', 5),
	(1533, 'Kavudupelella', 5),
	(1534, 'Kibissa', 5),
	(1535, 'Kiwula', 5),
	(1536, 'Kongahawela', 5),
	(1537, 'Laggala Pallegama', 5),
	(1538, 'Leliambe', 5),
	(1539, 'Lenadora', 5),
	(1540, 'lllukkumbura', 5),
	(1541, 'Madawala Ulpotha', 5),
	(1542, 'Madipola', 5),
	(1543, 'Mahawela', 5),
	(1544, 'Mananwatta', 5),
	(1545, 'Maraka', 5),
	(1546, 'Matale', 5),
	(1547, 'Melipitiya', 5),
	(1548, 'Metihakka', 5),
	(1549, 'Millawana', 5),
	(1550, 'Muwandeniya', 5),
	(1551, 'Nalanda', 5),
	(1552, 'Naula', 5),
	(1553, 'Nugagolla', 5),
	(1554, 'Opalgala', 5),
	(1555, 'Ovilikanda', 5),
	(1556, 'Palapathwela', 5),
	(1557, 'Pallepola', 5),
	(1558, 'Perakanatta', 5),
	(1559, 'Pubbiliya', 5),
	(1560, 'Ranamuregama', 5),
	(1561, 'Rattota', 5),
	(1562, 'Selagama', 5),
	(1563, 'Sigiriya', 5),
	(1564, 'Talagoda Junction', 5),
	(1565, 'Talakiriyagama', 5),
	(1566, 'Udasgiriya', 5),
	(1567, 'Udatenna', 5),
	(1568, 'Ukuwela', 5),
	(1569, 'Wahacotte', 5),
	(1570, 'Walawela', 5),
	(1571, 'Wehigala', 5),
	(1572, 'Welangahawatte', 5),
	(1573, 'Wewalawewa', 5),
	(1574, 'Wilgamuwa', 5),
	(1575, 'Yatawatta', 5),
	(1576, 'Agarapathana', 6),
	(1577, 'Ambagamuwa Udabulathgama', 6),
	(1578, 'Ambatalawa', 6),
	(1579, 'Ambewela', 6),
	(1580, 'Bogawantalawa', 6),
	(1581, 'Bopattalawa', 6),
	(1582, 'Dagampitiya', 6),
	(1583, 'Dayagama Bazaar', 6),
	(1584, 'Dikoya', 6),
	(1585, 'Doragala', 6),
	(1586, 'Dunukedeniya', 6),
	(1587, 'Ginigathena', 6),
	(1588, 'Gonakele', 6),
	(1589, 'Haggala', 6),
	(1590, 'Halgranoya', 6),
	(1591, 'Hangarapitiya', 6),
	(1592, 'Hapugastalawa', 6),
	(1593, 'Harangalagama', 6),
	(1594, 'Harasbedda', 6),
	(1595, 'Hatton', 6),
	(1596, 'Hedunuwewa', 6),
	(1597, 'Hitigegama', 6),
	(1598, 'Kalaganwatta', 6),
	(1599, 'Kandapola', 6),
	(1600, 'Katukitula', 6),
	(1601, 'Keerthi Bandarapura', 6),
	(1602, 'Kelanigama', 6),
	(1603, 'Ketaboola', 6),
	(1604, 'Kotagala', 6),
	(1605, 'Kotmale', 6),
	(1606, 'Kottellena', 6),
	(1607, 'Kumbalgamuwa', 6),
	(1608, 'Kumbukwela', 6),
	(1609, 'Kurupanawela', 6),
	(1610, 'Labukele', 6),
	(1611, 'Laxapana', 6),
	(1612, 'Lindula', 6),
	(1613, 'Madulla', 6),
	(1614, 'Maldeniya', 6),
	(1615, 'Maskeliya', 6),
	(1616, 'Maswela', 6),
	(1617, 'Mipanawa', 6),
	(1618, 'Mipilimana', 6),
	(1619, 'Morahenagama', 6),
	(1620, 'Munwatta', 6),
	(1621, 'Nanuoya', 6),
	(1622, 'Nawathispane', 6),
	(1623, 'Nayapana Janapadaya', 6),
	(1624, 'Nildandahinna', 6),
	(1625, 'Nissanka Uyana', 6),
	(1626, 'Norwood', 6),
	(1627, 'Nuwara Eliya', 6),
	(1628, 'Padiyapelella', 6),
	(1629, 'Patana', 6),
	(1630, 'Pattipola', 6),
	(1631, 'Pitawala', 6),
	(1632, 'Pundaluoya', 6),
	(1633, 'Ramboda', 6),
	(1634, 'Rozella', 6),
	(1635, 'Rupaha', 6),
	(1636, 'Ruwaneliya', 6),
	(1637, 'Santhipura', 6),
	(1638, 'Talawakele', 6),
	(1639, 'Teripeha', 6),
	(1640, 'Udamadura', 6),
	(1641, 'Udapussallawa', 6),
	(1642, 'Walapane', 6),
	(1643, 'Watagoda', 6),
	(1644, 'Watawala', 6),
	(1645, 'Widulipura', 6),
	(1646, 'Wijebahukanda', 6),
	(1647, 'Ampilanthurai', 7),
	(1648, 'Araipattai', 7),
	(1649, 'Ayithiyamalai', 7),
	(1650, 'Bakiella', 7),
	(1651, 'Batticaloa', 7),
	(1652, 'Cheddipalayam', 7),
	(1653, 'Chenkaladi', 7),
	(1654, 'Eravur', 7),
	(1655, 'Kalkudah', 7),
	(1656, 'Kallar', 7),
	(1657, 'Kaluwanchikudi', 7),
	(1658, 'Kaluwankemy', 7),
	(1659, 'Kannankudah', 7),
	(1660, 'Karadiyanaru', 7),
	(1661, 'Kathiraveli', 7),
	(1662, 'Kattankudi', 7),
	(1663, 'Kiran', 7),
	(1664, 'Kirankulam', 7),
	(1665, 'Koddaikallar', 7),
	(1666, 'Kokkaddichcholai', 7),
	(1667, 'Kurukkalmadam', 7),
	(1668, 'Mandur', 7),
	(1669, 'Mankemi', 7),
	(1670, 'Miravodai', 7),
	(1671, 'Murakottanchanai', 7),
	(1672, 'Navagirinagar', 7),
	(1673, 'Navatkadu', 7),
	(1674, 'Oddamavadi', 7),
	(1675, 'Panichankemi', 7),
	(1676, 'Pankudavely', 7),
	(1677, 'Periyaporativu', 7),
	(1678, 'Periyapullumalai', 7),
	(1679, 'Pillaiyaradi', 7),
	(1680, 'Punanai', 7),
	(1681, 'Puthukudiyiruppu', 7),
	(1682, 'Thannamunai', 7),
	(1683, 'Thettativu', 7),
	(1684, 'Thikkodai', 7),
	(1685, 'Thirupalugamam', 7),
	(1686, 'Thuraineelavanai', 7),
	(1687, 'Unnichchai', 7),
	(1688, 'Vakaneri', 7),
	(1689, 'Vakarai', 7),
	(1690, 'Valaichenai', 7),
	(1691, 'Vantharumoolai', 7),
	(1692, 'Vellavely', 7),
	(1693, 'Agbopura', 8),
	(1694, 'Buckmigama', 8),
	(1695, 'Chinabay', 8),
	(1696, 'Dehiwatte', 8),
	(1697, 'Echchilampattai', 8),
	(1698, 'Galmetiyawa', 8),
	(1699, 'Gomarankadawala', 8),
	(1700, 'Kaddaiparichchan', 8),
	(1701, 'Kanniya', 8),
	(1702, 'Kantalai', 8),
	(1703, 'Kantalai Sugar Factory', 8),
	(1704, 'Kiliveddy', 8),
	(1705, 'Kinniya', 8),
	(1706, 'Kuchchaveli', 8),
	(1707, 'Kumburupiddy', 8),
	(1708, 'Kurinchakemy', 8),
	(1709, 'Lankapatuna', 8),
	(1710, 'Mahadivulwewa', 8),
	(1711, 'Maharugiramam', 8),
	(1712, 'Mallikativu', 8),
	(1713, 'Mawadichenai', 8),
	(1714, 'Mullipothana', 8),
	(1715, 'Mutur', 8),
	(1716, 'Neelapola', 8),
	(1717, 'Nilaveli', 8),
	(1718, 'Pankulam', 8),
	(1719, 'Rottawewa', 8),
	(1720, 'Sampaltivu', 8),
	(1721, 'Sampur', 8),
	(1722, 'Serunuwara', 8),
	(1723, 'Seruwila', 8),
	(1724, 'Sirajnagar', 8),
	(1725, 'Somapura', 8),
	(1726, 'Tampalakamam', 8),
	(1727, 'Tiriyayi', 8),
	(1728, 'Toppur', 8),
	(1729, 'Trincomalee', 8),
	(1730, 'Vellamanal', 8),
	(1731, 'Wanela', 8),
	(1732, 'Addalaichenai', 9),
	(1733, 'Akkaraipattu', 9),
	(1734, 'Ampara', 9),
	(1735, 'Bakmitiyawa', 9),
	(1736, 'Central Camp', 9),
	(1737, 'Dadayamtalawa', 9),
	(1738, 'Damana', 9),
	(1739, 'Damanewela', 9),
	(1740, 'Deegawapiya', 9),
	(1741, 'Dehiattakandiya', 9),
	(1742, 'Devalahinda', 9),
	(1743, 'Digamadulla Weeragoda', 9),
	(1744, 'Dorakumbura', 9),
	(1745, 'Galapitagala', 9),
	(1746, 'Gonagolla', 9),
	(1747, 'Hingurana', 9),
	(1748, 'Hulannuge', 9),
	(1749, 'Kalmunai', 9),
	(1750, 'Kannakipuram', 9),
	(1751, 'Karativu', 9),
	(1752, 'Kekirihena', 9),
	(1753, 'Koknahara', 9),
	(1754, 'Kolamanthalawa', 9),
	(1755, 'Komari', 9),
	(1756, 'Lahugala', 9),
	(1757, 'lmkkamam', 9),
	(1758, 'Madawalalanda', 9),
	(1759, 'Mahanagapura', 9),
	(1760, 'Mahaoya', 9),
	(1761, 'Malwatta', 9),
	(1762, 'Mangalagama', 9),
	(1763, 'Marathamune', 9),
	(1764, 'Mawanagama', 9),
	(1765, 'Moragahapallama', 9),
	(1766, 'Namaloya', 9),
	(1767, 'Navithanveli', 9),
	(1768, 'Nawamedagama', 9),
	(1769, 'Nintavur', 9),
	(1770, 'Oluvil', 9),
	(1771, 'Padiyatalawa', 9),
	(1772, 'Pahalalanda', 9),
	(1773, 'Palamunai', 9),
	(1774, 'Panama', 9),
	(1775, 'Pannalagama', 9),
	(1776, 'Paragahakele', 9),
	(1777, 'Periyaneelavanai', 9),
	(1778, 'Polwaga Janapadaya', 9),
	(1779, 'Pottuvil', 9),
	(1780, 'Rajagalatenna', 9),
	(1781, 'Sainthamaruthu', 9),
	(1782, 'Samanthurai', 9),
	(1783, 'Serankada', 9),
	(1784, 'Siripura', 9),
	(1785, 'Siyambalawewa', 9),
	(1786, 'Tempitiya', 9),
	(1787, 'Thambiluvil', 9),
	(1788, 'Tirukovil', 9),
	(1789, 'Uhana', 9),
	(1790, 'Wadinagala', 9),
	(1791, 'Wanagamuwa', 9),
	(1792, 'Werunketagoda', 9),
	(1793, 'Allaipiddi', 10),
	(1794, 'Allaveddi', 10),
	(1795, 'Alvai', 10),
	(1796, 'Anaicoddai', 10),
	(1797, 'Analaitivu', 10),
	(1798, 'Atchuveli', 10),
	(1799, 'Chankanai', 10),
	(1800, 'Chavakachcheri', 10),
	(1801, 'Chullipuram', 10),
	(1802, 'Chundikuli', 10),
	(1803, 'Chunnakam', 10),
	(1804, 'Delft', 10),
	(1805, 'DelftWest', 10),
	(1806, 'Eluvaitivu', 10),
	(1807, 'Erlalai', 10),
	(1808, 'Jaffna', 10),
	(1809, 'Kaitadi', 10),
	(1810, 'Kankesanthurai', 10),
	(1811, 'Karainagar', 10),
	(1812, 'Karaveddi', 10),
	(1813, 'Kayts', 10),
	(1814, 'Kodikamam', 10),
	(1815, 'Kokuvil', 10),
	(1816, 'Kondavil', 10),
	(1817, 'Kopay', 10),
	(1818, 'Kudatanai', 10),
	(1819, 'llavalai', 10),
	(1820, 'Mallakam', 10),
	(1821, 'Manipay', 10),
	(1822, 'Mathagal', 10),
	(1823, 'Meesalai', 10),
	(1824, 'Mirusuvil', 10),
	(1825, 'Nagar Kovil', 10),
	(1826, 'Nainathivu', 10),
	(1827, 'Neervely', 10),
	(1828, 'Pandaterippu', 10),
	(1829, 'Point Pedro', 10),
	(1830, 'Pungudutivu', 10),
	(1831, 'Putur', 10),
	(1832, 'Sandilipay', 10),
	(1833, 'Sithankemy', 10),
	(1834, 'Tellippallai', 10),
	(1835, 'Thondamanaru', 10),
	(1836, 'Urumpirai', 10),
	(1837, 'Vaddukoddai', 10),
	(1838, 'Valvettithurai', 10),
	(1839, 'Vannarponnai', 10),
	(1840, 'Varany', 10),
	(1841, 'Vasavilan', 10),
	(1842, 'Velanai', 10),
	(1843, 'Alampil', 12),
	(1844, 'Adampan', 11),
	(1845, 'Arippu', 11),
	(1846, 'Athimottai', 11),
	(1847, 'Chilavathurai', 11),
	(1848, 'Erukkalampiddy', 11),
	(1849, 'llluppaikadavai', 11),
	(1850, 'Madhu Church', 11),
	(1851, 'Madhu Road', 11),
	(1852, 'Mannar', 11),
	(1853, 'Marichchi Kaddi', 11),
	(1854, 'Murunkan', 11),
	(1855, 'Nanattan', 11),
	(1856, 'P.P.Potkemy', 11),
	(1857, 'Palampiddy', 11),
	(1858, 'Periyakunchikulam', 11),
	(1859, 'Periyamadhu', 11),
	(1860, 'Pesalai', 11),
	(1861, 'Talaimannar', 11),
	(1862, 'Temple', 11),
	(1863, 'Tharapuram', 11),
	(1864, 'Thiruketheeswaram Temple', 11),
	(1865, 'Uyilankulam', 11),
	(1866, 'Vaddakandal', 11),
	(1867, 'Vankalai', 11),
	(1868, 'Vellan Kulam', 11),
	(1869, 'Vidataltivu', 11),
	(1870, 'Karuppaddamurippu', 12),
	(1871, 'Kokkilai', 12),
	(1872, 'Kokkuthuoduvai', 12),
	(1873, 'Mankulam', 12),
	(1874, 'Mullativu', 12),
	(1875, 'Mullivaikkal', 12),
	(1876, 'Mulliyawalai', 12),
	(1877, 'Muthauyan Kaddakulam', 12),
	(1878, 'Naddan Kandal', 12),
	(1879, 'Odduchudan', 12),
	(1880, 'Puthuvedduvan', 12),
	(1881, 'Thunukkai', 12),
	(1882, 'Udayarkaddu', 12),
	(1883, 'Vavunakkulam', 12),
	(1884, 'Visvamadukulam', 12),
	(1885, 'Yogapuram', 12),
	(1886, 'Akkarayankulam', 13),
	(1887, 'Cheddikulam', 13),
	(1888, 'Chemamadukkulam', 13),
	(1889, 'Elephant Pass', 13),
	(1890, 'Eluthumadduval', 13),
	(1891, 'Iranai lluppaikulam', 13),
	(1892, 'Iranaitiv', 13),
	(1893, 'Kanagarayankulam', 13),
	(1894, 'Kanavil', 13),
	(1895, 'Kandavalai', 13),
	(1896, 'Kavutharimunai', 13),
	(1897, 'Kilinochchi', 13),
	(1898, 'lyakachchi', 13),
	(1899, 'Mahakachchakodiya', 13),
	(1900, 'Mamaduwa', 13),
	(1901, 'Maraiyadithakulam', 13),
	(1902, 'Mulliyan', 13),
	(1903, 'Murasumoddai', 13),
	(1904, 'Nedunkemy', 13),
	(1905, 'Neriyakulam', 13),
	(1906, 'Omanthai', 13),
	(1907, 'Palamoddai', 13),
	(1908, 'Pallai', 13),
	(1909, 'Pallavarayankaddu', 13),
	(1910, 'Pampaimadu', 13),
	(1911, 'Paranthan', 13),
	(1912, 'Pavaikulam', 13),
	(1913, 'Periyathambanai', 13),
	(1914, 'Periyaulukkulam', 13),
	(1915, 'Purakari Nallur', 13),
	(1916, 'Ramanathapuram', 13),
	(1917, 'Sasthrikulankulam', 13),
	(1918, 'Sivapuram', 13),
	(1919, 'Skanthapuram', 13),
	(1920, 'Thalayadi', 13),
	(1921, 'Tharmapuram', 13),
	(1922, 'Uruthirapuram', 13),
	(1923, 'Vaddakachchi', 13),
	(1924, 'Vannerikkulam', 13),
	(1925, 'Varikkuttiyoor', 13),
	(1926, 'Vavuniya', 13),
	(1927, 'Veravil', 13),
	(1928, 'Vinayagapuram', 13),
	(1929, 'Kahatagasdigiliya', 14),
	(1930, 'Kagama', 14),
	(1931, 'Hurulunikawewa', 14),
	(1932, 'Hurigaswewa', 14),
	(1933, 'Horiwila', 14),
	(1934, 'Horawpatana', 14),
	(1935, 'Hidogama', 14),
	(1936, 'Halmillawetiya', 14),
	(1937, 'Halmillawa Dambulla', 14),
	(1938, 'Habarana', 14),
	(1939, 'Gonahaddenawa', 14),
	(1940, 'Gnanikulama', 14),
	(1941, 'Getalawa', 14),
	(1942, 'Gemunupura', 14),
	(1943, 'Ganewalpola', 14),
	(1944, 'Gambirigaswewa', 14),
	(1945, 'Galnewa', 14),
	(1946, 'Galkulama', 14),
	(1947, 'Galkiriyagama', 14),
	(1948, 'Galkadawala', 14),
	(1949, 'Galenbindunuwewa', 14),
	(1950, 'Galadivulwewa', 14),
	(1951, 'Etaweeragollewa', 14),
	(1952, 'Etawatunuwewa', 14),
	(1953, 'Eppawala', 14),
	(1954, 'Elayapattuwa', 14),
	(1955, 'Dutuwewa', 14),
	(1956, 'Dunumadalawa', 14),
	(1957, 'Dematawewa', 14),
	(1958, 'Bogahawewa', 14),
	(1959, 'Awukana', 14),
	(1960, 'Anuradhapura', 14),
	(1961, 'Angamuwa', 14),
	(1962, 'Andiyagala', 14),
	(1963, 'Kahatagollewa', 14),
	(1964, 'Kalakarambewa', 14),
	(1965, 'Kalankuttiya', 14),
	(1966, 'Kalaoya', 14),
	(1967, 'Kalawedi Ulpotha', 14),
	(1968, 'Kallanchiya', 14),
	(1969, 'Kapugallawa', 14),
	(1970, 'Karagahawewa', 14),
	(1971, 'Katiyawa', 14),
	(1972, 'Kebithigollewa', 14),
	(1973, 'Kekirawa', 14),
	(1974, 'Kendewa', 14),
	(1975, 'Kiralogama', 14),
	(1976, 'Kirigalwewa', 14),
	(1977, 'Kitulhitiyawa', 14),
	(1978, 'Kurundankulama', 14),
	(1979, 'Labunoruwa', 14),
	(1980, 'lhala Halmillewa', 14),
	(1981, 'lhalagama', 14),
	(1982, 'lpologama', 14),
	(1983, 'Madatugama', 14),
	(1984, 'Maha Elagamuwa', 14),
	(1985, 'Mahabulankulama', 14),
	(1986, 'Mahailluppallama', 14),
	(1987, 'Mahakanadarawa', 14),
	(1988, 'Mahapothana', 14),
	(1989, 'Mahasenpura', 14),
	(1990, 'Mahawilachchiya', 14),
	(1991, 'Mailagaswewa', 14),
	(1992, 'Malwanagama', 14),
	(1993, 'Maneruwa', 14),
	(1994, 'Maradankadawala', 14),
	(1995, 'Maradankalla', 14),
	(1996, 'Medawachchiya', 14),
	(1997, 'Megodawewa', 14),
	(1998, 'Mihintale', 14),
	(1999, 'Morakewa', 14),
	(2000, 'Mulkiriyawa', 14),
	(2001, 'Muriyakadawala', 14),
	(2002, 'Nachchaduwa', 14),
	(2003, 'Namalpura', 14),
	(2004, 'Negampaha', 14),
	(2005, 'Nochchiyagama', 14),
	(2006, 'Padavi Maithripura', 14),
	(2007, 'Padavi Parakramapura', 14),
	(2008, 'Padavi Sripura', 14),
	(2009, 'Padavi Sritissapura', 14),
	(2010, 'Padaviya', 14),
	(2011, 'Padikaramaduwa', 14),
	(2012, 'Pahala Halmillewa', 14),
	(2013, 'Pahala Maragahawe', 14),
	(2014, 'Pahalagama', 14),
	(2015, 'Palagala', 14),
	(2016, 'Palugaswewa', 14),
	(2017, 'Pandukabayapura', 14),
	(2018, 'Pandulagama', 14),
	(2019, 'Parakumpura', 14),
	(2020, 'Parangiyawadiya', 14),
	(2021, 'Parasangahawewa', 14),
	(2022, 'Pemaduwa', 14),
	(2023, 'Perimiyankulama', 14),
	(2024, 'Pihimbiyagolewa', 14),
	(2025, 'Pubbogama', 14),
	(2026, 'Puliyankulama', 14),
	(2027, 'Pulmoddai', 14),
	(2028, 'Punewa', 14),
	(2029, 'Rajanganaya', 14),
	(2030, 'Rambewa', 14),
	(2031, 'Rampathwila', 14),
	(2032, 'Ranorawa', 14),
	(2033, 'Rathmalgahawewa', 14),
	(2034, 'Saliyapura', 14),
	(2035, 'Seeppukulama', 14),
	(2036, 'Senapura', 14),
	(2037, 'Sivalakulama', 14),
	(2038, 'Siyambalewa', 14),
	(2039, 'Sravasthipura', 14),
	(2040, 'Talawa', 14),
	(2041, 'Tambuttegama', 14),
	(2042, 'Tammennawa', 14),
	(2043, 'Tantirimale', 14),
	(2044, 'Telhiriyawa', 14),
	(2045, 'Tennamarawadiya', 14),
	(2046, 'Tirappane', 14),
	(2047, 'Tittagonewa', 14),
	(2048, 'Udunuwara Colony', 14),
	(2049, 'Upuldeniya', 14),
	(2050, 'Uttimaduwa', 14),
	(2051, 'Viharapalugama', 14),
	(2052, 'Vijithapura', 14),
	(2053, 'Wahalkada', 14),
	(2054, 'Wahamalgollewa', 14),
	(2055, 'Walagambahuwa', 14),
	(2056, 'Walahaviddawewa', 14),
	(2057, 'Welimuwapotana', 14),
	(2058, 'Welioya Project', 14),
	(2059, 'Alutwewa', 15),
	(2060, 'Aralaganwila', 15),
	(2061, 'Aselapura', 15),
	(2062, 'Attanakadawala', 15),
	(2063, 'Bakamuna', 15),
	(2064, 'Dalukana', 15),
	(2065, 'Damminna', 15),
	(2066, 'Dewagala', 15),
	(2067, 'Dimbulagala', 15),
	(2068, 'Divulankadawala', 15),
	(2069, 'Divuldamana', 15),
	(2070, 'Diyabeduma', 15),
	(2071, 'Diyasenpura', 15),
	(2072, 'Elahera', 15),
	(2073, 'Ellewewa', 15),
	(2074, 'Galamuna', 15),
	(2075, 'Galoya Junction', 15),
	(2076, 'Giritale', 15),
	(2077, 'Hansayapalama', 15),
	(2078, 'Hingurakdamana', 15),
	(2079, 'Hingurakgoda', 15),
	(2080, 'Jayanthipura', 15),
	(2081, 'Jayasiripura', 15),
	(2082, 'Kaduruwela', 15),
	(2083, 'Kalingaela', 15),
	(2084, 'Kalukele Badanagala', 15),
	(2085, 'Kashyapapura', 15),
	(2086, 'Kawudulla', 15),
	(2087, 'Kawuduluwewa Stagell', 15),
	(2088, 'Kottapitiya', 15),
	(2089, 'Kumaragama', 15),
	(2090, 'Lakshauyana', 15),
	(2091, 'Maduruoya', 15),
	(2092, 'Maha Ambagaswewa', 15),
	(2093, 'Mahatalakolawewa', 15),
	(2094, 'Mahawela Sinhapura', 15),
	(2095, 'Mampitiya', 15),
	(2096, 'Medirigiriya', 15),
	(2097, 'Meegaswewa', 15),
	(2098, 'Minneriya', 15),
	(2099, 'Mutugala', 15),
	(2100, 'Nawasenapura', 15),
	(2101, 'Nelumwewa', 15),
	(2102, 'Nuwaragala', 15),
	(2103, 'Onegama', 15),
	(2104, 'Orubendi Siyambalawa', 15),
	(2105, 'Palugasdamana', 15),
	(2106, 'Parakramasamudraya', 15),
	(2107, 'Pelatiyawa', 15),
	(2108, 'Pimburattewa', 15),
	(2109, 'Polonnaruwa', 15),
	(2110, 'Pulastigama', 15),
	(2111, 'Sevanapitiya', 15),
	(2112, 'Sinhagama', 15),
	(2113, 'Sungavila', 15),
	(2114, 'Talpotha', 15),
	(2115, 'Tamankaduwa', 15),
	(2116, 'Tambala', 15),
	(2117, 'Unagalavehera', 15),
	(2118, 'Welikanda', 15),
	(2119, 'Wijayabapura', 15),
	(2120, 'Yodaela', 15),
	(2121, 'Alahengama', 16),
	(2122, 'Alahitiyawa', 16),
	(2123, 'Alawatuwala', 16),
	(2124, 'Alawwa', 16),
	(2125, 'Ambakote', 16),
	(2126, 'Ambanpola', 16),
	(2127, 'Anhandiya', 16),
	(2128, 'Anukkane', 16),
	(2129, 'Aragoda', 16),
	(2130, 'Ataragalla', 16),
	(2131, 'Awulegama', 16),
	(2132, 'Balalla', 16),
	(2133, 'Bamunukotuwa', 16),
	(2134, 'Bandara Koswatta', 16),
	(2135, 'Bingiriya', 16),
	(2136, 'Bogamulla', 16),
	(2137, 'Bopitiya', 16),
	(2138, 'Boraluwewa', 16),
	(2139, 'Boyagane', 16),
	(2140, 'Bujjomuwa', 16),
	(2141, 'Buluwala', 16),
	(2142, 'Dambadeniya', 16),
	(2143, 'Daraluwa', 16),
	(2144, 'Deegalla', 16),
	(2145, 'Delwite', 16),
	(2146, 'Demataluwa', 16),
	(2147, 'Diddeniya', 16),
	(2148, 'Digannewa', 16),
	(2149, 'Divullegoda', 16),
	(2150, 'Dodangaslanda', 16),
	(2151, 'Doratiyawa', 16),
	(2152, 'Dummalasuriya', 16),
	(2153, 'Ehetuwewa', 16),
	(2154, 'Elibichchiya', 16),
	(2155, 'Embogama', 16),
	(2156, 'Etungahakotuwa', 16),
	(2157, 'Galgamuwa', 16),
	(2158, 'Gallewa', 16),
	(2159, 'Girathalana', 16),
	(2160, 'Giriulla', 16),
	(2161, 'Gokaralla', 16),
	(2162, 'Gonawila', 16),
	(2163, 'Halmillawewa', 16),
	(2164, 'Hengamuwa', 16),
	(2165, 'Hettipola', 16),
	(2166, 'Hilogama', 16),
	(2167, 'Hindagolla', 16),
	(2168, 'Hiriyala Lenawa', 16),
	(2169, 'Hiruwalpola', 16),
	(2170, 'Horambawa', 16),
	(2171, 'Hulogedara', 16),
	(2172, 'Hulugalla', 16),
	(2173, 'Hunupola', 16),
	(2174, 'Ihala Gomugomuwa', 16),
	(2175, 'Ihala Katugampala', 16),
	(2176, 'Indulgodakanda', 16),
	(2177, 'Inguruwatta', 16),
	(2178, 'Iriyagolla', 16),
	(2179, 'Ithanawatta', 16),
	(2180, 'Kadigawa', 16),
	(2181, 'Kahapathwala', 16),
	(2182, 'Kalugamuwa', 16),
	(2183, 'Kanadeniyawala', 16),
	(2184, 'Kanattewewa', 16),
	(2185, 'Karagahagedara', 16),
	(2186, 'Karambe', 16),
	(2187, 'Katupota', 16),
	(2188, 'Kekunagolla', 16),
	(2189, 'Keppitiwalana', 16),
	(2190, 'Kimbulwanaoya', 16),
	(2191, 'Kirimetiyawa', 16),
	(2192, 'Kirindawa', 16),
	(2193, 'Kirindigalla', 16),
	(2194, 'Kithalawa', 16),
	(2195, 'Kobeigane', 16),
	(2196, 'Kohilagedara', 16),
	(2197, 'Konwewa', 16),
	(2198, 'Kosdeniya', 16),
	(2199, 'Kosgolla', 16),
	(2200, 'Kotawehera', 16),
	(2201, 'Kudagalgamuwa', 16),
	(2202, 'Kudakatnoruwa', 16),
	(2203, 'Kuliyapitiya', 16),
	(2204, 'Kumbukgeta', 16),
	(2205, 'Kumbukwewa', 16),
	(2206, 'Kuratihena', 16),
	(2207, 'Kurunegala', 16),
	(2208, 'Labbala', 16),
	(2209, 'lbbagamuwa', 16),
	(2210, 'lhala Kadigamuwa', 16),
	(2211, 'llukhena', 16),
	(2212, 'Lonahettiya', 16),
	(2213, 'Madahapola', 16),
	(2214, 'Madakumburumulla', 16),
	(2215, 'Maduragoda', 16),
	(2216, 'Maeliya', 16),
	(2217, 'Magulagama', 16),
	(2218, 'Mahagalkadawala', 16),
	(2219, 'Mahagirilla', 16),
	(2220, 'Mahamukalanyaya', 16),
	(2221, 'Mahananneriya', 16),
	(2222, 'Maharachchimulla', 16),
	(2223, 'Maho', 16),
	(2224, 'Makulewa', 16),
	(2225, 'Makulpotha', 16),
	(2226, 'Makulwewa', 16),
	(2227, 'Malagane', 16),
	(2228, 'Mandapola', 16),
	(2229, 'Maspotha', 16),
	(2230, 'Mawathagama', 16),
	(2231, 'Medivawa', 16),
	(2232, 'Meegalawa', 16),
	(2233, 'Meetanwala', 16),
	(2234, 'Meewellawa', 16),
	(2235, 'Melsiripura', 16),
	(2236, 'Metikumbura', 16),
	(2237, 'Metiyagane', 16),
	(2238, 'Minhettiya', 16),
	(2239, 'Minuwangete', 16),
	(2240, 'Mirihanagama', 16),
	(2241, 'Monnekulama', 16),
	(2242, 'Moragane', 16),
	(2243, 'Moragollagama', 16),
	(2244, 'Morathiha', 16),
	(2245, 'Munamaldeniya', 16),
	(2246, 'Muruthenge', 16),
	(2247, 'Nabadewa', 16),
	(2248, 'Nagollagama', 16),
	(2249, 'Nagollagoda', 16),
	(2250, 'Nakkawatta', 16),
	(2251, 'Narammala', 16),
	(2252, 'Narangoda', 16),
	(2253, 'Nawatalwatta', 16),
	(2254, 'Nelliya', 16),
	(2255, 'Nikadalupotha', 16),
	(2256, 'Nikaweratiya', 16),
	(2257, 'Padeniya', 16),
	(2258, 'Padiwela', 16),
	(2259, 'Pahalagiribawa', 16),
	(2260, 'Pahamune', 16),
	(2261, 'Palukadawala', 16),
	(2262, 'Panadaragama', 16),
	(2263, 'Panagamuwa', 16),
	(2264, 'Panaliya', 16),
	(2265, 'Panliyadda', 16),
	(2266, 'Pannala', 16),
	(2267, 'Pansiyagama', 16),
	(2268, 'Periyakadneluwa', 16),
	(2269, 'Pihimbiya Ratmale', 16),
	(2270, 'Pihimbuwa', 16),
	(2271, 'Pilessa', 16),
	(2272, 'Polgahawela', 16),
	(2273, 'Polpitigama', 16),
	(2274, 'Pothuhera', 16),
	(2275, 'Puswelitenna', 16),
	(2276, 'Ridibendiella', 16),
	(2277, 'Ridigama', 16),
	(2278, 'Saliya Asokapura', 16),
	(2279, 'Sandalankawa', 16),
	(2280, 'Sirisetagama', 16),
	(2281, 'Siyambalangamuwa', 16),
	(2282, 'Solepura', 16),
	(2283, 'Solewewa', 16),
	(2284, 'Sunandapura', 16),
	(2285, 'Talawattegedara', 16),
	(2286, 'Tambutta', 16),
	(2287, 'Thalahitimulla', 16),
	(2288, 'Thalakolawewa', 16),
	(2289, 'Thalwita', 16),
	(2290, 'Thambagalla', 16),
	(2291, 'Tharana Udawela', 16),
	(2292, 'Thimbiriyawa', 16),
	(2293, 'Tisogama', 16),
	(2294, 'Torayaya', 16),
	(2295, 'Tuttiripitigama', 16),
	(2296, 'Udubaddawa', 16),
	(2297, 'Uhumiya', 16),
	(2298, 'Ulpotha Pallekele', 16),
	(2299, 'Usgala Siyabmalangamuwa', 16),
	(2300, 'Wadakada', 16),
	(2301, 'Wadumunnegedara', 16),
	(2302, 'Walakumburumulla', 16),
	(2303, 'Wannigama', 16),
	(2304, 'Wannikudawewa', 16),
	(2305, 'Wannilhalagama', 16),
	(2306, 'Wannirasnayakapura', 16),
	(2307, 'Warawewa', 16),
	(2308, 'Wariyapola', 16),
	(2309, 'Watuwatta', 16),
	(2310, 'Weerapokuna', 16),
	(2311, 'Welawa Juncton', 16),
	(2312, 'Welipennagahamulla', 16),
	(2313, 'Wellagala', 16),
	(2314, 'Wellarawa', 16),
	(2315, 'Wellawa', 16),
	(2316, 'Welpalla', 16),
	(2317, 'Wennoruwa', 16),
	(2318, 'Weuda', 16),
	(2319, 'Wewagama', 16),
	(2320, 'Yakwila', 16),
	(2321, 'Yatigaloluwa', 16),
	(2322, 'Adippala', 17),
	(2323, 'Ambakandawila', 17),
	(2324, 'Anamaduwa', 17),
	(2325, 'Andigama', 17),
	(2326, 'Angunawila', 17),
	(2327, 'Arachchikattuwa', 17),
	(2328, 'Attawilluwa', 17),
	(2329, 'Bangadeniya', 17),
	(2330, 'Baranankattuwa', 17),
	(2331, 'Battuluoya', 17),
	(2332, 'Bujjampola', 17),
	(2333, 'Chilaw', 17),
	(2334, 'Dankotuwa', 17),
	(2335, 'Dunkannawa', 17),
	(2336, 'Eluwankulama', 17),
	(2337, 'Ettale', 17),
	(2338, 'Galmuruwa', 17),
	(2339, 'Ihala Kottaramulla', 17),
	(2340, 'Ihala Puliyankulama', 17),
	(2341, 'Ilippadeniya', 17),
	(2342, 'Inginimitiya', 17),
	(2343, 'Ismailpuram', 17),
	(2344, 'Kakkapalliya', 17),
	(2345, 'Kalladiya', 17),
	(2346, 'Kalpitiya', 17),
	(2347, 'Kandakuliya', 17),
	(2348, 'Karativponparappi', 17),
	(2349, 'Karawitagara', 17),
	(2350, 'Karuwalagaswewa', 17),
	(2351, 'Katuneriya', 17),
	(2352, 'Kirimundalama', 17),
	(2353, 'Koswatta', 17),
	(2354, 'Kottantivu', 17),
	(2355, 'Kottukachchiya', 17),
	(2356, 'Kudawewa', 17),
	(2357, 'Kumarakattuwa', 17),
	(2358, 'Kurinjanpitiya', 17),
	(2359, 'Kuruketiyawa', 17),
	(2360, 'Lihiriyagama', 17),
	(2361, 'Lunuwila', 17),
	(2362, 'Madampe', 17),
	(2363, 'Madurankuliya', 17),
	(2364, 'Mahakumbukkadawala', 17),
	(2365, 'Mahauswewa', 17),
	(2366, 'Mahawewa', 17),
	(2367, 'Mampuri', 17),
	(2368, 'Mangalaeliya', 17),
	(2369, 'Marawila', 17),
	(2370, 'Mudalakkuliya', 17),
	(2371, 'Mugunuwatawana', 17),
	(2372, 'Mukkutoduwawa', 17),
	(2373, 'Mundel', 17),
	(2374, 'Muttibendiwila', 17),
	(2375, 'Nainamadama', 17),
	(2376, 'Nalladarankattuwa', 17),
	(2377, 'Nattandiya', 17),
	(2378, 'Nawagattegama', 17),
	(2379, 'Norachcholai', 17),
	(2380, 'Palaviya', 17),
	(2381, 'Pallama', 17),
	(2382, 'Palliwasalturai', 17),
	(2383, 'Panirendawa', 17),
	(2384, 'Pothuwatawana', 17),
	(2385, 'Puttalam', 17),
	(2386, 'Puttalam Cement Factory', 17),
	(2387, 'Rajakadaluwa', 17),
	(2388, 'Saliyawewa Junction', 17),
	(2389, 'Serukele', 17),
	(2390, 'Sirambiadiya', 17),
	(2391, 'Siyambalagashene', 17),
	(2392, 'Tabbowa', 17),
	(2393, 'Talawila Church', 17),
	(2394, 'Toduwawa', 17),
	(2395, 'Udappuwa', 17),
	(2396, 'Uridyawa', 17),
	(2397, 'Vanathawilluwa', 17),
	(2398, 'Waikkal', 17),
	(2399, 'Watugahamulla', 17),
	(2400, 'Wennappuwa', 17),
	(2401, 'Wijeyakatupotha', 17),
	(2402, 'Wilpotha', 17),
	(2403, 'Yogiyana', 17),
	(2404, 'Akarella', 18),
	(2405, 'Atakalanpanna', 18),
	(2406, 'Ayagama', 18),
	(2407, 'Balangoda', 18),
	(2408, 'Batatota', 18),
	(2409, 'Belihuloya', 18),
	(2410, 'Bolthumbe', 18),
	(2411, 'Bomluwageaina', 18),
	(2412, 'Bulutota', 18),
	(2413, 'Dambuluwana', 18),
	(2414, 'Daugala', 18),
	(2415, 'Dela', 18),
	(2416, 'Delwala', 18),
	(2417, 'Demuwatha', 18),
	(2418, 'Dodampe', 18),
	(2419, 'Doloswalakanda', 18),
	(2420, 'Dumbara Manana', 18),
	(2421, 'Eheliyagoda', 18),
	(2422, 'Elapatha', 18),
	(2423, 'Ellagawa', 18),
	(2424, 'Ellaulla', 18),
	(2425, 'Ellawala', 18),
	(2426, 'Embilipitiya', 18),
	(2427, 'Eratna', 18),
	(2428, 'Erepola', 18),
	(2429, 'Gabbela', 18),
	(2430, 'Gallella', 18),
	(2431, 'Gangeyaya', 18),
	(2432, 'Gawaragiriya', 18),
	(2433, 'Getahetta', 18),
	(2434, 'Gillimale', 18),
	(2435, 'Godagampola', 18),
	(2436, 'Godakawela', 18),
	(2437, 'Gurubewilagama', 18),
	(2438, 'Halpe', 18),
	(2439, 'Halwinna', 18),
	(2440, 'Handagiriya', 18),
	(2441, 'Hapugastenna', 18),
	(2442, 'Hatangala', 18),
	(2443, 'Hatarabage', 18),
	(2444, 'Hidellana', 18),
	(2445, 'Hiramadagama', 18),
	(2446, 'Ihalagama', 18),
	(2447, 'Ittakanda', 18),
	(2448, 'Kahangama', 18),
	(2449, 'Kahawatta', 18),
	(2450, 'Kalawana', 18),
	(2451, 'Kaltota', 18),
	(2452, 'Karandana', 18),
	(2453, 'Karangoda', 18),
	(2454, 'Kella Junction', 18),
	(2455, 'Kiriella', 18),
	(2456, 'Kolambageara', 18),
	(2457, 'Kolombugama', 18),
	(2458, 'Kolonna', 18),
	(2459, 'Kudawa', 18),
	(2460, 'Kuruwita', 18),
	(2461, 'Lellopitiya', 18),
	(2462, 'lmbulpe', 18),
	(2463, 'Madalagama', 18),
	(2464, 'Mahawalatenna', 18),
	(2465, 'Makandura Sabara', 18),
	(2466, 'Malwala Junction', 18),
	(2467, 'Marapana', 18),
	(2468, 'Matuwagalagama', 18),
	(2469, 'Medagalatur', 18),
	(2470, 'Meddekanda', 18),
	(2471, 'Minipura Dumbara', 18),
	(2472, 'Mitipola', 18),
	(2473, 'Morahela', 18),
	(2474, 'Mulendiyawala', 18),
	(2475, 'Mulgama', 18),
	(2476, 'Nawalakanda', 18),
	(2477, 'NawinnaPinnakanda', 18),
	(2478, 'Niralagama', 18),
	(2479, 'Nivitigala', 18),
	(2480, 'Omalpe', 18),
	(2481, 'Opanayaka', 18),
	(2482, 'Padalangala', 18),
	(2483, 'Pallebedda', 18),
	(2484, 'Pambagolla', 18),
	(2485, 'Panamura', 18),
	(2486, 'Panapitiya', 18),
	(2487, 'Panapola', 18),
	(2488, 'Panawala', 18),
	(2489, 'Parakaduwa', 18),
	(2490, 'Pebotuwa', 18),
	(2491, 'Pelmadulla', 18),
	(2492, 'Pimbura', 18),
	(2493, 'Pinnawala', 18),
	(2494, 'Pothupitiya', 18),
	(2495, 'Rajawaka', 18),
	(2496, 'Rakwana', 18),
	(2497, 'Ranwala', 18),
	(2498, 'Rassagala', 18),
	(2499, 'Ratna Hangamuwa', 18),
	(2500, 'Ratnapura', 18),
	(2501, 'Samanalawewa', 18),
	(2502, 'Sri Palabaddala', 18),
	(2503, 'Sudagala', 18),
	(2504, 'Talakolahinna', 18),
	(2505, 'Tanjantenna', 18),
	(2506, 'Teppanawa', 18),
	(2507, 'Tunkama', 18),
	(2508, 'Udaha Hawupe', 18),
	(2509, 'Udakarawita', 18),
	(2510, 'Udaniriella', 18),
	(2511, 'Udawalawe', 18),
	(2512, 'Ullinduwawa', 18),
	(2513, 'Veddagala', 18),
	(2514, 'Vijeriya', 18),
	(2515, 'Waleboda', 18),
	(2516, 'Watapotha', 18),
	(2517, 'Waturawa', 18),
	(2518, 'Weligepola', 18),
	(2519, 'Welipathayaya', 18),
	(2520, 'Wewelwatta', 18),
	(2521, 'Wikiliya', 18),
	(2522, 'Alawatura', 19),
	(2523, 'Algama', 19),
	(2524, 'Alutnuwara', 19),
	(2525, 'Ambalakanda', 19),
	(2526, 'Ambulugala', 19),
	(2527, 'Amitirigala', 19),
	(2528, 'Ampagala', 19),
	(2529, 'Anhettigama', 19),
	(2530, 'Aranayaka', 19),
	(2531, 'Aruggammana', 19),
	(2532, 'Atale', 19),
	(2533, 'Batuwita', 19),
	(2534, 'Beligala(Sab)', 19),
	(2535, 'Berannawa', 19),
	(2536, 'Bopitiya (SAB)', 19),
	(2537, 'Boralankada', 19),
	(2538, 'Bossella', 19),
	(2539, 'Bulathkohupitiya', 19),
	(2540, 'Damunupola', 19),
	(2541, 'Debathgama', 19),
	(2542, 'Dedugala', 19),
	(2543, 'Deewala Pallegama', 19),
	(2544, 'Dehiowita', 19),
	(2545, 'Deldeniya', 19),
	(2546, 'Deloluwa', 19),
	(2547, 'Deraniyagala', 19),
	(2548, 'Dewalegama', 19),
	(2549, 'Dewanagala', 19),
	(2550, 'Dombemada', 19),
	(2551, 'Dorawaka', 19),
	(2552, 'Dunumala', 19),
	(2553, 'Galapitamada', 19),
	(2554, 'Galatara', 19),
	(2555, 'Galigamuwa Town', 19),
	(2556, 'Galpatha(Sab)', 19),
	(2557, 'Gantuna', 19),
	(2558, 'Gonagala', 19),
	(2559, 'Hakahinna', 19),
	(2560, 'Hakbellawaka', 19),
	(2561, 'Helamada', 19),
	(2562, 'Hemmatagama', 19),
	(2563, 'Hettimulla', 19),
	(2564, 'Hewadiwela', 19),
	(2565, 'Hingula', 19),
	(2566, 'Hinguralakanda', 19),
	(2567, 'Hiriwadunna', 19),
	(2568, 'Imbulana', 19),
	(2569, 'Imbulgasdeniya', 19),
	(2570, 'Kabagamuwa', 19),
	(2571, 'Kannattota', 19),
	(2572, 'Kegalle', 19),
	(2573, 'Kehelpannala', 19),
	(2574, 'Kitulgala', 19),
	(2575, 'Kondeniya', 19),
	(2576, 'Kotiyakumbura', 19),
	(2577, 'Lewangama', 19),
	(2578, 'Mahabage', 19),
	(2579, 'Mahapallegama', 19),
	(2580, 'Maharangalla', 19),
	(2581, 'Makehelwala', 19),
	(2582, 'Malalpola', 19),
	(2583, 'Maliboda', 19),
	(2584, 'Malmaduwa', 19),
	(2585, 'Mawanella', 19),
	(2586, 'Migastenna Sabara', 19),
	(2587, 'Miyanawita', 19),
	(2588, 'Molagoda', 19),
	(2589, 'Morontota', 19),
	(2590, 'Nelundeniya', 19),
	(2591, 'Niyadurupola', 19),
	(2592, 'Noori', 19),
	(2593, 'Parape', 19),
	(2594, 'Pattampitiya', 19),
	(2595, 'Pinnawala', 19),
	(2596, 'Pitagaldeniya', 19),
	(2597, 'Pothukoladeniya', 19),
	(2598, 'Rambukkana', 19),
	(2599, 'Ruwanwella', 19),
	(2600, 'Seaforth Colony', 19),
	(2601, 'Talgaspitiya', 19),
	(2602, 'Teligama', 19),
	(2603, 'Tholangamuwa', 19),
	(2604, 'Thotawella', 19),
	(2605, 'Tulhiriya', 19),
	(2606, 'Tuntota', 19),
	(2607, 'Udagaldeniya', 19),
	(2608, 'Udapotha', 19),
	(2609, 'Udumulla', 19),
	(2610, 'Undugoda', 19),
	(2611, 'Ussapitiya', 19),
	(2612, 'Wahakula', 19),
	(2613, 'Waharaka', 19),
	(2614, 'Warakapola', 19),
	(2615, 'Watura', 19),
	(2616, 'Weeoya', 19),
	(2617, 'Wegalla', 19),
	(2618, 'Welihelatenna', 19),
	(2619, 'Weragala', 19),
	(2620, 'Yatagama', 19),
	(2621, 'Yatapana', 19),
	(2622, 'Yatiyantota', 19),
	(2623, 'Yattogoda', 19),
	(2624, 'Agaliya', 20),
	(2625, 'Ahangama', 20),
	(2626, 'Ahungalla', 20),
	(2627, 'Akmeemana', 20),
	(2628, 'Aluthwala', 20),
	(2629, 'Ambalangoda', 20),
	(2630, 'Ampegama', 20),
	(2631, 'Amugoda', 20),
	(2632, 'Anangoda', 20),
	(2633, 'Angulugaha', 20),
	(2634, 'Ankokkawala', 20),
	(2635, 'Baddegama', 20),
	(2636, 'Balapitiya', 20),
	(2637, 'Banagala', 20),
	(2638, 'Batapola', 20),
	(2639, 'Bentota', 20),
	(2640, 'Boossa', 20),
	(2641, 'Dikkumbura', 20),
	(2642, 'Dodanduwa', 20),
	(2643, 'Ella Tanabaddegama', 20),
	(2644, 'Elpitiya', 20),
	(2645, 'Ethkandura', 20),
	(2646, 'Galle', 20),
	(2647, 'Ganegoda', 20),
	(2648, 'Ginimellagaha', 20),
	(2649, 'Gintota', 20),
	(2650, 'Godahena', 20),
	(2651, 'Gonagalpura', 20),
	(2652, 'Gonamulla Junction', 20),
	(2653, 'Gonapinuwala', 20),
	(2654, 'Habaraduwa', 20),
	(2655, 'Haburugala', 20),
	(2656, 'Halvitigala Colony', 20),
	(2657, 'Hapugala', 20),
	(2658, 'Hawpe', 20),
	(2659, 'Hikkaduwa', 20),
	(2660, 'Hinatigala', 20),
	(2661, 'Hiniduma', 20),
	(2662, 'Hiyare', 20),
	(2663, 'Ihala Walpola', 20),
	(2664, 'Induruwa', 20),
	(2665, 'Kahaduwa', 20),
	(2666, 'Kahawa', 20),
	(2667, 'Kananke Bazaar', 20),
	(2668, 'Karagoda', 20),
	(2669, 'Karandeniya', 20),
	(2670, 'Karapitiya', 20),
	(2671, 'Koggala', 20),
	(2672, 'Kosgoda', 20),
	(2673, 'Kottawagama', 20),
	(2674, 'Kuleegoda', 20),
	(2675, 'lhalahewessa', 20),
	(2676, 'lmaduwa', 20),
	(2677, 'lnduruwa', 20),
	(2678, 'Magedara', 20),
	(2679, 'Malgalla Talangalla', 20),
	(2680, 'Mapalagama', 20),
	(2681, 'Mapalagama Central', 20),
	(2682, 'Mattaka', 20),
	(2683, 'Meda-Keembiya', 20),
	(2684, 'Meetiyagoda', 20),
	(2685, 'Miriswatta', 20),
	(2686, 'Nagoda', 20),
	(2687, 'Nakiyadeniya', 20),
	(2688, 'Nawadagala', 20),
	(2689, 'Neluwa', 20),
	(2690, 'Nindana', 20),
	(2691, 'Opatha', 20),
	(2692, 'Panangala', 20),
	(2693, 'Pannimulla Panagoda', 20),
	(2694, 'Parana ThanaYamgoda', 20),
	(2695, 'Pitigala', 20),
	(2696, 'Poddala', 20),
	(2697, 'Porawagama', 20),
	(2698, 'Rantotuwila', 20),
	(2699, 'Ratgama', 20),
	(2700, 'Talagampola', 20),
	(2701, 'Talgaspe', 20),
	(2702, 'Talgaswela', 20),
	(2703, 'Talpe', 20),
	(2704, 'Tawalama', 20),
	(2705, 'Tiranagama', 20),
	(2706, 'Udalamatta', 20),
	(2707, 'Udugama', 20),
	(2708, 'Uluvitike', 20),
	(2709, 'Unawatuna', 20),
	(2710, 'Unenwitiya', 20),
	(2711, 'Uragaha', 20),
	(2712, 'Uragasmanhandiya', 20),
	(2713, 'Wakwella', 20),
	(2714, 'Walahanduwa', 20),
	(2715, 'Wanchawela', 20),
	(2716, 'Wanduramba', 20),
	(2717, 'Warukandeniya', 20),
	(2718, 'Watugedara', 20),
	(2719, 'Weihena', 20),
	(2720, 'Yakkalamulla', 20),
	(2721, 'Yatalamatta', 20),
	(2722, 'Akuressa', 21),
	(2723, 'Alapaladeniya', 21),
	(2724, 'Aparekka', 21),
	(2725, 'Athuraliya', 21),
	(2726, 'Bengamuwa', 21),
	(2727, 'Beralapanathara', 21),
	(2728, 'Bopagoda', 21),
	(2729, 'Dampahala', 21),
	(2730, 'Deegala Lenama', 21),
	(2731, 'Deiyandara', 21),
	(2732, 'Dellawa', 21),
	(2733, 'Denagama', 21),
	(2734, 'Denipitiya', 21),
	(2735, 'Deniyaya', 21),
	(2736, 'Derangala', 21),
	(2737, 'Devinuwara (Dondra)', 21),
	(2738, 'Dikwella', 21),
	(2739, 'Diyagaha', 21),
	(2740, 'Diyalape', 21),
	(2741, 'Gandara', 21),
	(2742, 'Godapitiya', 21),
	(2743, 'Gomilamawarala', 21),
	(2744, 'Hakmana', 21),
	(2745, 'Handugala', 21),
	(2746, 'Horapawita', 21),
	(2747, 'Kalubowitiyana', 21),
	(2748, 'Kamburugamuwa', 21),
	(2749, 'Kamburupitiya', 21),
	(2750, 'Karagoda Uyangoda', 21),
	(2751, 'Karaputugala', 21),
	(2752, 'Karatota', 21),
	(2753, 'Kekanadurra', 21),
	(2754, 'Kiriweldola', 21),
	(2755, 'Kiriwelkele', 21),
	(2756, 'Kolawenigama', 21),
	(2757, 'Kotapola', 21),
	(2758, 'Kottegoda', 21),
	(2759, 'Lankagama', 21),
	(2760, 'Makandura', 21),
	(2761, 'Maliduwa', 21),
	(2762, 'Maramba', 21),
	(2763, 'Matara', 21),
	(2764, 'Mediripitiya', 21),
	(2765, 'Miella', 21),
	(2766, 'Mirissa', 21),
	(2767, 'Moragala Kirillapone', 21),
	(2768, 'Morawaka', 21),
	(2769, 'Mulatiyana Junction', 21),
	(2770, 'Nadugala', 21),
	(2771, 'Naimana', 21),
	(2772, 'Narawelpita', 21),
	(2773, 'Pahala Millawa', 21),
	(2774, 'Palatuwa', 21),
	(2775, 'Paragala', 21),
	(2776, 'Parapamulla', 21),
	(2777, 'Pasgoda', 21),
	(2778, 'Penetiyana', 21),
	(2779, 'Pitabeddara', 21),
	(2780, 'Polhena', 21),
	(2781, 'Pothdeniya', 21),
	(2782, 'Puhulwella', 21),
	(2783, 'Radawela', 21),
	(2784, 'Ransegoda', 21),
	(2785, 'Ratmale', 21),
	(2786, 'Rotumba', 21),
	(2787, 'Siyambalagoda', 21),
	(2788, 'Sultanagoda', 21),
	(2789, 'Telijjawila', 21),
	(2790, 'Thihagoda', 21),
	(2791, 'Urubokka', 21),
	(2792, 'Urugamuwa', 21),
	(2793, 'Urumutta', 21),
	(2794, 'Viharahena', 21),
	(2795, 'Walakanda', 21),
	(2796, 'Walasgala', 21),
	(2797, 'Walpola', 21),
	(2798, 'Waralla', 21),
	(2799, 'Weligama', 21),
	(2800, 'Wilpita', 21),
	(2801, 'Yatiyana', 21),
	(2802, 'Ambalantota', 22),
	(2803, 'Angunakolapelessa', 22),
	(2804, 'Bandagiriya Colony', 22),
	(2805, 'Barawakumbuka', 22),
	(2806, 'Beliatta', 22),
	(2807, 'Beragama', 22),
	(2808, 'Beralihela', 22),
	(2809, 'Bowalagama', 22),
	(2810, 'Bundala', 22),
	(2811, 'Ellagala', 22),
	(2812, 'Gangulandeniya', 22),
	(2813, 'Getamanna', 22),
	(2814, 'Goda Koggalla', 22),
	(2815, 'Gonagamuwa Uduwila', 22),
	(2816, 'Gonnoruwa', 22),
	(2817, 'Hakuruwela', 22),
	(2818, 'Hambantota', 22),
	(2819, 'Horewelagoda', 22),
	(2820, 'Hungama', 22),
	(2821, 'Ihala Beligalla', 22),
	(2822, 'Ittademaliya', 22),
	(2823, 'Julampitiya', 22),
	(2824, 'Kahandamodara', 22),
	(2825, 'Kariyamaditta', 22),
	(2826, 'Katuwana', 22),
	(2827, 'Kawantissapura', 22),
	(2828, 'Kirama', 22),
	(2829, 'Kirinda', 22),
	(2830, 'Lunama', 22),
	(2831, 'Lunugamwehera', 22),
	(2832, 'Magama', 22),
	(2833, 'Mahagalwewa', 22),
	(2834, 'Mamadala', 22),
	(2835, 'Medamulana', 22),
	(2836, 'Middeniya', 22),
	(2837, 'Migahajandur', 22),
	(2838, 'Modarawana', 22),
	(2839, 'Mulkirigala', 22),
	(2840, 'Nakulugamuwa', 22),
	(2841, 'Netolpitiya', 22),
	(2842, 'Nihiluwa', 22),
	(2843, 'Padawkema', 22),
	(2844, 'Pahala Andarawewa', 22),
	(2845, 'Pallekanda', 22),
	(2846, 'Rammalawarapitiya', 22),
	(2847, 'Ranakeliya', 22),
	(2848, 'Ranmuduwewa', 22),
	(2849, 'Ranna', 22),
	(2850, 'Ratmalwala', 22),
	(2851, 'RU/Ridiyagama', 22),
	(2852, 'Sooriyawewa Town', 22),
	(2853, 'Tangalla', 22),
	(2854, 'Tissamaharama', 22),
	(2855, 'Uda Gomadiya', 22),
	(2856, 'Udamattala', 22),
	(2857, 'Uswewa', 22),
	(2858, 'Vitharandeniya', 22),
	(2859, 'Walasmulla', 22),
	(2860, 'Weeraketiya', 22),
	(2861, 'Weerawila', 22),
	(2862, 'Weerawila NewTown', 22),
	(2863, 'Wekandawela', 22),
	(2864, 'Weligatta', 22),
	(2865, 'Yala', 22),
	(2866, 'Yatigala', 22),
	(2867, 'Akkarasiyaya', 23),
	(2868, 'Aluketiyawa', 23),
	(2869, 'Aluttaramma', 23),
	(2870, 'Ambadandegama', 23),
	(2871, 'Ambagahawatta', 23),
	(2872, 'Ambagasdowa', 23),
	(2873, 'Amunumulla', 23),
	(2874, 'Arawa', 23),
	(2875, 'Arawakumbura', 23),
	(2876, 'Arawatta', 23),
	(2877, 'Atakiriya', 23),
	(2878, 'Badulla', 23),
	(2879, 'Baduluoya', 23),
	(2880, 'Ballaketuwa', 23),
	(2881, 'Bambarapana', 23),
	(2882, 'Bandarawela', 23),
	(2883, 'Beramada', 23),
	(2884, 'Bibilegama', 23),
	(2885, 'Bogahakumbura', 23),
	(2886, 'Boralanda', 23),
	(2887, 'Bowela', 23),
	(2888, 'Dambana', 23),
	(2889, 'Demodara', 23),
	(2890, 'Diganatenna', 23),
	(2891, 'Dikkapitiya', 23),
	(2892, 'Dimbulana', 23),
	(2893, 'Divulapelessa', 23),
	(2894, 'Diyatalawa', 23),
	(2895, 'Dulgolla', 23),
	(2896, 'Egodawela', 23),
	(2897, 'Ella', 23),
	(2898, 'Ettampitiya', 23),
	(2899, 'Galauda', 23),
	(2900, 'Galedanda', 23),
	(2901, 'Galporuyaya', 23),
	(2902, 'Gamewela', 23),
	(2903, 'Gawarawela', 23),
	(2904, 'Girandurukotte', 23),
	(2905, 'Godunna', 23),
	(2906, 'Gurutalawa', 23),
	(2907, 'Haldummulla', 23),
	(2908, 'Hali Ela', 23),
	(2909, 'Hangunnawa', 23),
	(2910, 'Haputale', 23),
	(2911, 'Hebarawa', 23),
	(2912, 'Heeloya', 23),
	(2913, 'Helahalpe', 23),
	(2914, 'Helapupula', 23),
	(2915, 'Hewanakumbura', 23),
	(2916, 'Hingurukaduwa', 23),
	(2917, 'Hopton', 23),
	(2918, 'Idalgashinna', 23),
	(2919, 'Jangulla', 23),
	(2920, 'Kahataruppa', 23),
	(2921, 'Kalubululanda', 23),
	(2922, 'Kalugahakandura', 23),
	(2923, 'Kalupahana', 23),
	(2924, 'Kandaketya', 23),
	(2925, 'Kandegedara', 23),
	(2926, 'Kandepuhulpola', 23),
	(2927, 'Kebillawela', 23),
	(2928, 'Kendagolla', 23),
	(2929, 'Keppetipola', 23),
	(2930, 'Keselpotha', 23),
	(2931, 'Ketawatta', 23),
	(2932, 'Kiriwanagama', 23),
	(2933, 'Koslanda', 23),
	(2934, 'Kotamuduna', 23),
	(2935, 'Kuruwitenna', 23),
	(2936, 'Kuttiyagolla', 23),
	(2937, 'Landewela', 23),
	(2938, 'Liyangahawela', 23),
	(2939, 'Lunugala', 23),
	(2940, 'Lunuwatta', 23),
	(2941, 'Madulsima', 23),
	(2942, 'Mahiyanganaya', 23),
	(2943, 'Makulella', 23),
	(2944, 'Malgoda', 23),
	(2945, 'Maliyadda', 23),
	(2946, 'Mapakadawewa', 23),
	(2947, 'Maspanna', 23),
	(2948, 'Maussagolla', 23),
	(2949, 'Medawela Udukinda', 23),
	(2950, 'Medawelagama', 23),
	(2951, 'Meegahakiula', 23),
	(2952, 'Metigahatenna', 23),
	(2953, 'Mirahawatta', 23),
	(2954, 'Miriyabedda', 23),
	(2955, 'Miyanakandura', 23),
	(2956, 'Namunukula', 23),
	(2957, 'Narangala', 23),
	(2958, 'Nelumgama', 23),
	(2959, 'Nikapotha', 23),
	(2960, 'Nugatalawa', 23),
	(2961, 'Ohiya', 23),
	(2962, 'Pahalarathkinda', 23),
	(2963, 'Pallekiruwa', 23),
	(2964, 'Passara', 23),
	(2965, 'Pathanewatta', 23),
	(2966, 'Pattiyagedara', 23),
	(2967, 'Pelagahatenna', 23),
	(2968, 'Perawella', 23),
	(2969, 'Pitamaruwa', 23),
	(2970, 'Pitapola', 23),
	(2971, 'Puhulpola', 23),
	(2972, 'Ratkarawwa', 23),
	(2973, 'Ridimaliyadda', 23),
	(2974, 'Rilpola', 23),
	(2975, 'Silmiyapura', 23),
	(2976, 'Sirimalgoda', 23),
	(2977, 'Sorabora Colony', 23),
	(2978, 'Soragune', 23),
	(2979, 'Soranatota', 23),
	(2980, 'Spring Valley', 23),
	(2981, 'Taldena', 23),
	(2982, 'Tennepanguwa', 23),
	(2983, 'Timbirigaspitiya', 23),
	(2984, 'Uduhawara', 23),
	(2985, 'Uraniya', 23),
	(2986, 'Uva Deegalla', 23),
	(2987, 'Uva Karandagolla', 23),
	(2988, 'Uva Mawelagama', 23),
	(2989, 'Uva Tenna', 23),
	(2990, 'Uva Tissapura', 23),
	(2991, 'Uva Uduwara', 23),
	(2992, 'Uvaparanagama', 23),
	(2993, 'Welimada', 23),
	(2994, 'Wewatta', 23),
	(2995, 'Wineethagama', 23),
	(2996, 'Yalagamuwa', 23),
	(2997, 'Yalwela', 23),
	(2998, 'Angunakolawewa', 24),
	(2999, 'Ayiwela', 24),
	(3000, 'Badalkumbura', 24),
	(3001, 'Baduluwela', 24),
	(3002, 'Bakinigahawela', 24),
	(3003, 'Balaharuwa', 24),
	(3004, 'Bibile', 24),
	(3005, 'Boragas', 24),
	(3006, 'Buddama', 24),
	(3007, 'Buttala', 24),
	(3008, 'Dambagalla', 24),
	(3009, 'Diyakobala', 24),
	(3010, 'Dombagahawela', 24),
	(3011, 'Ekamutugama', 24),
	(3012, 'Ekiriyankumbura', 24),
	(3013, 'Ethimalewewa', 24),
	(3014, 'Ettiliwewa', 24),
	(3015, 'Galabedda', 24),
	(3016, 'Hambegamuwa', 24),
	(3017, 'Hulandawa', 24);

-- Dumping structure for table anytrades.color
CREATE TABLE IF NOT EXISTS `color` (
  `id` int NOT NULL AUTO_INCREMENT,
  `color` varchar(45) DEFAULT NULL,
  PRIMARY KEY (`id`)
) ENGINE=InnoDB AUTO_INCREMENT=12 DEFAULT CHARSET=utf8mb4 COLLATE=utf8mb4_0900_ai_ci;

-- Dumping data for table anytrades.color: ~11 rows (approximately)
REPLACE INTO `color` (`id`, `color`) VALUES
	(1, 'Black'),
	(2, 'White'),
	(3, 'Red'),
	(4, 'Blue'),
	(5, 'Green'),
	(6, 'Pink'),
	(7, 'Ocean Blue'),
	(8, 'Forest Green'),
	(9, 'Gold'),
	(10, 'Silver'),
	(11, 'Graphite');

-- Dumping structure for table anytrades.condition
CREATE TABLE IF NOT EXISTS `condition` (
  `id` int NOT NULL AUTO_INCREMENT,
  `name` varchar(45) DEFAULT NULL,
  PRIMARY KEY (`id`)
) ENGINE=InnoDB AUTO_INCREMENT=3 DEFAULT CHARSET=utf8mb4 COLLATE=utf8mb4_0900_ai_ci;

-- Dumping data for table anytrades.condition: ~2 rows (approximately)
REPLACE INTO `condition` (`id`, `name`) VALUES
	(1, 'Brandnew'),
	(2, 'Used');

-- Dumping structure for table anytrades.ctrl
CREATE TABLE IF NOT EXISTS `ctrl` (
  `id` int NOT NULL AUTO_INCREMENT,
  `inv_no` varchar(50) NOT NULL,
  PRIMARY KEY (`id`)
) ENGINE=InnoDB AUTO_INCREMENT=2 DEFAULT CHARSET=utf8mb4 COLLATE=utf8mb4_0900_ai_ci;

-- Dumping data for table anytrades.ctrl: ~0 rows (approximately)
REPLACE INTO `ctrl` (`id`, `inv_no`) VALUES
	(1, '100016');

-- Dumping structure for table anytrades.district
CREATE TABLE IF NOT EXISTS `district` (
  `id` int NOT NULL AUTO_INCREMENT,
  `name` varchar(45) DEFAULT NULL,
  `province_id` int DEFAULT NULL,
  PRIMARY KEY (`id`),
  KEY `fk_district_province1_idx` (`province_id`),
  CONSTRAINT `fk_district_province1` FOREIGN KEY (`province_id`) REFERENCES `province` (`id`)
) ENGINE=InnoDB AUTO_INCREMENT=26 DEFAULT CHARSET=utf8mb4 COLLATE=utf8mb4_0900_ai_ci;

-- Dumping data for table anytrades.district: ~25 rows (approximately)
REPLACE INTO `district` (`id`, `name`, `province_id`) VALUES
	(1, 'Colombo', 3),
	(2, 'Gampaha', 3),
	(3, 'Kalutara', 3),
	(4, 'Kandy', 5),
	(5, 'Matale', 5),
	(6, 'Nuwara eliya', 5),
	(7, 'Batticaloa', 7),
	(8, 'Trincomalee', 7),
	(9, 'Ampara', 7),
	(10, 'Jaffna', 1),
	(11, 'Mannar', 1),
	(12, 'Mullaitivu', 1),
	(13, 'Vavuniya', 1),
	(14, 'Anuradhapura', 4),
	(15, 'Polonnaruwa', 4),
	(16, 'Kurunegala', 2),
	(17, 'Puttalam', 2),
	(18, 'Ratnapura', 6),
	(19, 'Kegalle', 6),
	(20, 'Galle', 9),
	(21, 'Matara', 9),
	(22, 'Hambantota', 9),
	(23, 'Badulla', 8),
	(24, 'Monaragala', 8),
	(25, 'Kilinochchi', 1);

-- Dumping structure for table anytrades.gender
CREATE TABLE IF NOT EXISTS `gender` (
  `id` int NOT NULL AUTO_INCREMENT,
  `gender_name` varchar(10) DEFAULT NULL,
  PRIMARY KEY (`id`)
) ENGINE=InnoDB AUTO_INCREMENT=8 DEFAULT CHARSET=utf8mb3;

-- Dumping data for table anytrades.gender: ~2 rows (approximately)
REPLACE INTO `gender` (`id`, `gender_name`) VALUES
	(1, 'Male'),
	(2, 'Female');

-- Dumping structure for table anytrades.image
CREATE TABLE IF NOT EXISTS `image` (
  `path` varchar(100) NOT NULL,
  `product_id` int NOT NULL,
  PRIMARY KEY (`path`),
  KEY `fk_image_product1_idx` (`product_id`),
  CONSTRAINT `fk_image_product1` FOREIGN KEY (`product_id`) REFERENCES `product` (`id`)
) ENGINE=InnoDB DEFAULT CHARSET=utf8mb4 COLLATE=utf8mb4_0900_ai_ci;

-- Dumping data for table anytrades.image: ~30 rows (approximately)
REPLACE INTO `image` (`path`, `product_id`) VALUES
	('resources//product_img//Apple iPhone 13 Pro Max_product_img_63791e5a983ed.jpeg', 8),
	('resources//product_img//Apple iPhone 13 Pro Max_product_img_63791e5aa6706.jpeg', 8),
	('resources//product_img//Apple iPhone 12 Pro Max_product_img_63791ef0bb3f3.jpeg', 9),
	('resources//product_img//Xiaomi Redmi Note 8 Pro_product_img_637928cf11aec.jpeg', 10),
	('resources//product_img//Apple iPhone 13 Pro_product_img_637929ddafcb4.jpeg', 11),
	('resources//product_img//ASUS ROG Strix GA15 Gaming Desktop Computer_product_img_6391ab5b8ab1e.jpeg', 12),
	('resources//product_img//ASUS ROG Strix GA15 Gaming Desktop Computer_product_img_6391ab5b9e7c9.jpeg', 12),
	('resources//product_img//ASUS ROG Strix GA15 Gaming Desktop Computer_product_img_6391ab5bbb19f.jpeg', 12),
	('resources//product_img//Brand New Iphone_product_img_63981a72ede75.jpeg', 13),
	('resources//product_img//Brand New Iphone_product_img_63981a730e807.jpeg', 13),
	('resources//product_img//Brand New Iphone_product_img_63981a731ed13.jpeg', 13),
	('resources//product_img//Brand New Iphone_product_img_63981a732915f.jpeg', 13),
	('resources//product_img//Brand New Iphone_product_img_63981a73332d0.jpeg', 13),
	('resources//product_img//Camera_product_img_63c2445f23c8d.jpeg', 14),
	('resources//product_img//Camera_product_img_63c2445f358e8.jpeg', 14),
	('resources//product_img//Camera_product_img_63c2445f49d01.jpeg', 14),
	('resources//product_img//Camera_product_img_63c2445f5ba4c.jpeg', 14),
	('resources//product_img//Camera_product_img_63c2445f6a90a.jpeg', 14),
	('resources//product_img//Cat 8 Ethernet Cable_product_img_666e457157007.jpeg', 18),
	('resources//product_img//Cat 8 Ethernet Cable_product_img_666e45715904c.jpeg', 18),
	('resources//product_img//Cat 8 Ethernet Cable_product_img_666e45715a501.jpeg', 18),
	('resources//product_img//Cat 8 Ethernet Cable_product_img_666e45715beea.jpeg', 18),
	('resources//product_img//Cat 8 Ethernet Cable_product_img_666e45715e0f1.jpeg', 18),
	('resources//product_img//Acer Aspire 5 A515 - 11th Gen i3 - 1115G4_product_img_6673c3797e81b.png', 19),
	('resources//product_img//Acer Aspire 5 A515 - 11th Gen i3 - 1115G4_product_img_6673c37980543.png', 19),
	('resources//product_img//Acer Aspire 5 A515 - 11th Gen i3 - 1115G4_product_img_6673c37981ce9.png', 19),
	('resources//product_img//Acer Aspire 5 A515 - 11th Gen i3 - 1115G4_product_img_6673c37983141.png', 19),
	('resources//product_img//Acer Aspire 5 A515 - 11th Gen i3 - 1115G4_product_img_6673c379854e9.png', 19),
	('resources//product_img//ASUS PRIME A520M-E MICRO ATX Motherboard_product_img_667d89aed885c.jpeg', 20),
	('resources//product_img//ASUS PRIME A520M-E MICRO ATX Motherboard_product_img_667d89aedb8a3.jpeg', 20),
	('resources//product_img//ASUS PRIME A520M-E MICRO ATX Motherboard_product_img_667d89aede54b.jpeg', 20),
	('resources//product_img//Samsung DDR3 -4GB Ram_product_img_66780de304632.jpeg', 21);

-- Dumping structure for table anytrades.invoice
CREATE TABLE IF NOT EXISTS `invoice` (
  `id` int NOT NULL AUTO_INCREMENT,
  `order_id` varchar(50) NOT NULL,
  `date_time` datetime NOT NULL,
  `qty` double NOT NULL,
  `total` double NOT NULL,
  `product_id` int NOT NULL,
  `user_email` varchar(100) NOT NULL,
  `order_status_id` int NOT NULL,
  `status` int NOT NULL DEFAULT '1',
  PRIMARY KEY (`id`),
  KEY `fk_user_has_product_product1_idx` (`product_id`),
  KEY `fk_user_has_product_user1_idx` (`user_email`),
  KEY `fk_invoice_order_status1_idx` (`order_status_id`),
  CONSTRAINT `fk_invoice_order_status1` FOREIGN KEY (`order_status_id`) REFERENCES `order_status` (`id`),
  CONSTRAINT `fk_user_has_product_product1` FOREIGN KEY (`product_id`) REFERENCES `product` (`id`),
  CONSTRAINT `fk_user_has_product_user1` FOREIGN KEY (`user_email`) REFERENCES `user` (`email`)
) ENGINE=InnoDB AUTO_INCREMENT=30 DEFAULT CHARSET=utf8mb3;

-- Dumping data for table anytrades.invoice: ~4 rows (approximately)
REPLACE INTO `invoice` (`id`, `order_id`, `date_time`, `qty`, `total`, `product_id`, `user_email`, `order_status_id`, `status`) VALUES
	(26, '100011', '2024-06-27 07:26:54', 1, 2190, 21, 'vihangaheshan37@gmail.com', 2, 3),
	(27, '100013', '2024-06-27 07:34:15', 1, 26190, 20, 'vihangaheshan37@gmail.com', 5, 1),
	(28, '100013', '2024-06-27 07:34:15', 1, 2970, 18, 'vihangaheshan37@gmail.com', 1, 1),
	(29, '100014', '2024-06-27 09:44:30', 1, 26190, 20, 'vihangaheshan37@gmail.com', 1, 1);

-- Dumping structure for table anytrades.model
CREATE TABLE IF NOT EXISTS `model` (
  `id` int NOT NULL AUTO_INCREMENT,
  `model` varchar(50) CHARACTER SET utf8mb4 COLLATE utf8mb4_0900_ai_ci NOT NULL,
  PRIMARY KEY (`id`)
) ENGINE=InnoDB AUTO_INCREMENT=50 DEFAULT CHARSET=utf8mb4 COLLATE=utf8mb4_0900_ai_ci;

-- Dumping data for table anytrades.model: ~38 rows (approximately)
REPLACE INTO `model` (`id`, `model`) VALUES
	(1, 'iPhone 6'),
	(2, 'iPhone 6 Plus'),
	(3, 'iPhone 6s'),
	(4, 'iPhone 6s Plus'),
	(5, 'iPhone SE (1st)'),
	(6, 'iPhone SE (2nd)'),
	(7, 'iPhone SE (3rd)'),
	(8, 'iPhone 7'),
	(9, 'iPhone 7 Plus'),
	(10, 'iPhone 8'),
	(11, 'iPhone 8 Plus'),
	(12, 'iPhone X'),
	(13, 'iPhone XR'),
	(14, 'iPhone XS'),
	(15, 'iPhone XS Max'),
	(16, 'iPhone 11'),
	(17, 'iPhone 11 Pro'),
	(18, 'iPhone 11 Pro Max'),
	(19, 'iPhone 12'),
	(20, 'iPhone 12 Pro'),
	(21, 'iPhone 12 Pro Max'),
	(22, 'iPhone 13'),
	(23, 'iPhone 13 Mini'),
	(24, 'iPhone 13 Pro'),
	(25, 'iPhone 13 Pro Max'),
	(26, 'iPhone 14'),
	(27, 'iPhone 14 Plus'),
	(28, 'iPhone 14 Pro'),
	(29, 'iPhone 14 Pro Max'),
	(30, 'iPhone 12 Mini'),
	(37, 'Redmi 8'),
	(38, 'Redmi Note 8'),
	(39, 'Redmi Note 8 Pro'),
	(40, 'Redmi 9'),
	(41, 'Redmi Note 9'),
	(42, 'Redmi Note 9 Pro'),
	(43, 'ROG'),
	(44, 'Other'),
	(45, 'Other'),
	(46, 'Other'),
	(47, 'Aspire'),
	(48, 'Motherboard'),
	(49, 'Ram');

-- Dumping structure for table anytrades.notification
CREATE TABLE IF NOT EXISTS `notification` (
  `id` int NOT NULL AUTO_INCREMENT,
  `update` varchar(1) NOT NULL DEFAULT '1',
  `notification` varchar(1) NOT NULL DEFAULT '1',
  `user_email` varchar(100) CHARACTER SET utf8mb3 COLLATE utf8_general_ci NOT NULL,
  PRIMARY KEY (`id`),
  KEY `fk_notification_user1_idx` (`user_email`),
  CONSTRAINT `fk_notification_user1` FOREIGN KEY (`user_email`) REFERENCES `user` (`email`)
) ENGINE=InnoDB AUTO_INCREMENT=5 DEFAULT CHARSET=utf8mb4 COLLATE=utf8mb4_0900_ai_ci;

-- Dumping data for table anytrades.notification: ~4 rows (approximately)
REPLACE INTO `notification` (`id`, `update`, `notification`, `user_email`) VALUES
	(1, '1', '0', 'vihangaheshan37@gmail.com'),
	(2, '1', '1', 'akilabiman2002@gmail.com'),
	(3, '1', '1', 'kavee@gmail.com'),
	(4, '1', '1', 'vihangaheshan.online@gmail.com');

-- Dumping structure for table anytrades.order_status
CREATE TABLE IF NOT EXISTS `order_status` (
  `id` int NOT NULL AUTO_INCREMENT,
  `status` varchar(45) NOT NULL,
  PRIMARY KEY (`id`)
) ENGINE=InnoDB AUTO_INCREMENT=6 DEFAULT CHARSET=utf8mb4 COLLATE=utf8mb4_0900_ai_ci;

-- Dumping data for table anytrades.order_status: ~4 rows (approximately)
REPLACE INTO `order_status` (`id`, `status`) VALUES
	(1, 'Placed'),
	(2, 'Confirm'),
	(3, 'Packing'),
	(4, 'Delliver'),
	(5, 'Dellivered');

-- Dumping structure for table anytrades.product
CREATE TABLE IF NOT EXISTS `product` (
  `id` int NOT NULL AUTO_INCREMENT,
  `title` text CHARACTER SET utf8mb4 COLLATE utf8mb4_0900_ai_ci NOT NULL,
  `price` double NOT NULL,
  `delivery_in` double NOT NULL,
  `delivery_out` double DEFAULT NULL,
  `delivery_district` text,
  `desc` text,
  `qty` int NOT NULL,
  `condition_id` int NOT NULL,
  `color_id` int NOT NULL,
  `brand_has_model_id` int NOT NULL,
  `size_id` int DEFAULT NULL,
  `category_id` int NOT NULL,
  `seller_nic` varchar(12) NOT NULL,
  `date_time` datetime DEFAULT NULL,
  PRIMARY KEY (`id`),
  KEY `fk_product_condition1_idx` (`condition_id`),
  KEY `fk_product_color1_idx` (`color_id`),
  KEY `fk_product_brand_has_model1_idx` (`brand_has_model_id`),
  KEY `fk_product_size1_idx` (`size_id`),
  KEY `fk_product_category1_idx` (`category_id`),
  KEY `fk_product_seller1_idx` (`seller_nic`),
  CONSTRAINT `fk_product_brand_has_model1` FOREIGN KEY (`brand_has_model_id`) REFERENCES `brand_has_model` (`id`),
  CONSTRAINT `fk_product_category1` FOREIGN KEY (`category_id`) REFERENCES `category` (`id`),
  CONSTRAINT `fk_product_color1` FOREIGN KEY (`color_id`) REFERENCES `color` (`id`),
  CONSTRAINT `fk_product_condition1` FOREIGN KEY (`condition_id`) REFERENCES `condition` (`id`),
  CONSTRAINT `fk_product_seller1` FOREIGN KEY (`seller_nic`) REFERENCES `seller` (`nic`),
  CONSTRAINT `fk_product_size1` FOREIGN KEY (`size_id`) REFERENCES `size` (`id`)
) ENGINE=InnoDB AUTO_INCREMENT=22 DEFAULT CHARSET=utf8mb4 COLLATE=utf8mb4_0900_ai_ci;

-- Dumping data for table anytrades.product: ~11 rows (approximately)
REPLACE INTO `product` (`id`, `title`, `price`, `delivery_in`, `delivery_out`, `delivery_district`, `desc`, `qty`, `condition_id`, `color_id`, `brand_has_model_id`, `size_id`, `category_id`, `seller_nic`, `date_time`) VALUES
	(8, 'Apple iPhone 13 Pro Max', 230000, 1800, 2300, NULL, 'Apple iPhone 13 Pro Max\r\n128GB/8GB', 1, 1, 1, 25, NULL, 2, '200206702833', '2022-11-20 00:35:48'),
	(9, 'Apple iPhone 12 Pro Max', 180000, 1500, 1800, NULL, 'Apple iPhone 12 Pro Max\r\n128GB / 6GB', 10, 1, 1, 21, NULL, 2, '200206702833', '2022-11-20 00:35:49'),
	(10, 'Xiaomi Redmi Note 8 Pro', 42990, 1800, 1200, NULL, 'Xiaomi Redmi Note 8 Pro\r\n128GB / 6GB | 128GB / 4GB | 64GB / 6GB | 64GB / 4GB', 10, 1, 1, 33, NULL, 2, '200206702833', '2022-11-20 00:35:51'),
	(11, 'Apple iPhone 13 Pro', 180000, 2300, 1800, NULL, 'Apple iPhone 13 Pro', 8, 1, 1, 24, NULL, 2, '200206702833', '2022-11-20 00:39:17'),
	(12, 'ASUS ROG Strix GA15 Gaming Desktop Computer', 450000, 3200, 5200, NULL, 'ASUS ROG Strix GA15 Gaming Desktop Computer AMD Octa-Core Ryzen 7 5800X (Beats i9-10900X) 64GB RAM 1TB SSD + 1TB HDD GeForce RTX 3070 8GB Graphic DisplayPort DVI Win10 Black + HDMI Cable\r\n\r\n64GB RAM | 1TB SSD + 1TB HDD\r\nEquipped With The Powerful and Fast AMD Ryzen 7 5000 Series AMD Octa-Core Ryzen 7 5800X (Base Clock 3.8GHz, Max Boost Clock Up to 4.7GHz, 32MB L3 Cache, 16 Threads)\r\nDedicated NVIDIA GeForce RTX 3070 8GB\r\n7 x USB-A 3.2, 1 x USB-C 3.2, 1 x HDMI, 3 x DisplayPort, 1 x DVI, 1 x RJ45 Ethernet, 1 x Line-out (Rear), 1 x Mic-in (Rear), 1 x Line-in (Rear), 1 x Headphone (Front), 1 x Microphone (Front)\r\nMicrosoft Windows 10 Home (64-bit), Customizable ASUS Aura Sync RGB Chassis Lighting and EMI-reducing Transparent Side PanelHDMI Cable Included', 5, 1, 1, 37, NULL, 3, '200206702833', '2022-12-08 14:46:11'),
	(13, 'Brand New iPhone', 150000, 500, 2000, NULL, 'iPhone', 1, 2, 1, 14, NULL, 2, '200220002703', '2022-12-13 11:53:46'),
	(14, 'Camera', 75000, 1800, 2300, NULL, 'its a brand new camera', 8, 1, 1, 41, NULL, 4, '200206702833', '2023-01-14 11:27:51'),
	(18, 'Cat 8 Ethernet Cable', 2650, 320, 400, NULL, 'Ultra Internet speed Cat 8 ethernet cable support bandwidth up to 2000MHz and boosts the speed of data transmission up to 40Gbps,26AWG Cables suitable Indoor/Outdoor at hyper speed without worrying about cable mess, Cat8 can reduce any signal interference to the full extent. Allow you to stream HD videos, music, surf the net, play games at Hyper Speed.', 16, 1, 1, 46, NULL, 9, '200220002703', '2024-06-16 07:22:49'),
	(19, 'Acer Aspire 5 A515 - 11th Gen i3 - 1115G4', 153990, 500, 750, NULL, ' Dual-channel DDR4 SDRAM support\r\n 4 GB of onboard DDR4 system memory  Additional 4GB RAM\r\n Up to 20 GB of DDR4 system memory\r\n STORAGE: 1 TB\r\n WARRANTY: 2 Year\r\n DISPLAY: 15.6" Full HD 1920 x 1080, high-brightness Acer ComfyView TM LED- 5', 12, 1, 1, 51, NULL, 3, '200206702833', '2024-06-20 11:21:53'),
	(20, 'ASUS PRIME A520M-E MICRO ATX Motherboard', 24990, 1200, 1500, NULL, ' BRAND: ASUS\r\n PART NUMBER: 90MB1510-M0UAY05\r\n FORM FACTOR: Micro ATX\r\n CPU SOCKET TYPE: AMD AM4\r\n RAM TYPE: DDR4\r\n STOCK AVAILABILITY: In stock\r\n\r\n', 10, 1, 1, 52, NULL, 3, '200206702833', '2024-06-23 17:25:01'),
	(21, 'Samsung DDR3 -4GB Ram', 1890, 300, 500, NULL, 'SAMSUNG \r\nDDR 3- 4GB Desktop Ram\r\n10600U-12800U MHz\r\n3 Month Warranty', 6, 1, 1, 53, NULL, 3, '200206702833', '2024-06-23 17:28:27');

-- Dumping structure for table anytrades.profile_image
CREATE TABLE IF NOT EXISTS `profile_image` (
  `p_img` varchar(100) CHARACTER SET utf8mb4 COLLATE utf8mb4_0900_ai_ci NOT NULL,
  `p_back` varchar(100) DEFAULT NULL,
  `user_email` varchar(100) CHARACTER SET utf8mb3 COLLATE utf8_general_ci NOT NULL,
  PRIMARY KEY (`p_img`) USING BTREE,
  KEY `fk_profile_image_user1_idx` (`user_email`),
  CONSTRAINT `fk_profile_image_user1` FOREIGN KEY (`user_email`) REFERENCES `user` (`email`)
) ENGINE=InnoDB DEFAULT CHARSET=utf8mb4 COLLATE=utf8mb4_0900_ai_ci;

-- Dumping data for table anytrades.profile_image: ~2 rows (approximately)
REPLACE INTO `profile_image` (`p_img`, `p_back`, `user_email`) VALUES
	('resources//profile_images//Vihanga_profile_img_636b2c60b5189.jpeg', 'resources//profile_images//Vihanga_profile_background_636b2c60ea086.jpeg', 'vihangaheshan37@gmail.com'),
	('resources//profile_images//vishmi_profile_img_636b205fa2c65.jpeg', 'resources//profile_images//vishmi_profile_background_636b205fb23a1.jpeg', 'kavee@gmail.com');

-- Dumping structure for table anytrades.province
CREATE TABLE IF NOT EXISTS `province` (
  `id` int NOT NULL AUTO_INCREMENT,
  `name` varchar(50) DEFAULT NULL,
  PRIMARY KEY (`id`)
) ENGINE=InnoDB AUTO_INCREMENT=10 DEFAULT CHARSET=utf8mb4 COLLATE=utf8mb4_0900_ai_ci;

-- Dumping data for table anytrades.province: ~9 rows (approximately)
REPLACE INTO `province` (`id`, `name`) VALUES
	(1, 'Northern'),
	(2, 'North Western'),
	(3, 'Western'),
	(4, 'North Central'),
	(5, 'Central'),
	(6, 'Sabaragamuwa'),
	(7, 'Eastern'),
	(8, 'Uva'),
	(9, 'Southern');

-- Dumping structure for table anytrades.quantity
CREATE TABLE IF NOT EXISTS `quantity` (
  `id` int NOT NULL AUTO_INCREMENT,
  `qty` int NOT NULL,
  `product_id` int NOT NULL,
  PRIMARY KEY (`id`),
  KEY `fk_quantity_product1_idx` (`product_id`),
  CONSTRAINT `fk_quantity_product1` FOREIGN KEY (`product_id`) REFERENCES `product` (`id`)
) ENGINE=InnoDB AUTO_INCREMENT=12 DEFAULT CHARSET=utf8mb4 COLLATE=utf8mb4_0900_ai_ci;

-- Dumping data for table anytrades.quantity: ~11 rows (approximately)
REPLACE INTO `quantity` (`id`, `qty`, `product_id`) VALUES
	(1, 1, 8),
	(2, 10, 9),
	(3, 10, 10),
	(4, 8, 11),
	(5, 5, 12),
	(6, 1, 13),
	(7, 8, 14),
	(8, 16, 18),
	(9, 12, 19),
	(10, 10, 20),
	(11, 6, 21);

-- Dumping structure for table anytrades.rating
CREATE TABLE IF NOT EXISTS `rating` (
  `id` int NOT NULL AUTO_INCREMENT,
  `s5` int NOT NULL,
  `s4` int NOT NULL,
  `s3` int NOT NULL,
  `s2` int NOT NULL,
  `s1` int NOT NULL,
  `product_id` int NOT NULL,
  PRIMARY KEY (`id`),
  KEY `fk_rating_product1_idx` (`product_id`),
  CONSTRAINT `fk_rating_product1` FOREIGN KEY (`product_id`) REFERENCES `product` (`id`)
) ENGINE=InnoDB AUTO_INCREMENT=2 DEFAULT CHARSET=utf8mb4 COLLATE=utf8mb4_0900_ai_ci;

-- Dumping data for table anytrades.rating: ~0 rows (approximately)
REPLACE INTO `rating` (`id`, `s5`, `s4`, `s3`, `s2`, `s1`, `product_id`) VALUES
	(1, 5, 2, 2, 2, 2, 10);

-- Dumping structure for table anytrades.seller
CREATE TABLE IF NOT EXISTS `seller` (
  `nic` varchar(12) CHARACTER SET utf8mb4 COLLATE utf8mb4_0900_ai_ci NOT NULL,
  `name` varchar(100) CHARACTER SET utf8mb4 COLLATE utf8mb4_0900_ai_ci DEFAULT NULL,
  `mobile` varchar(10) CHARACTER SET utf8mb4 COLLATE utf8mb4_0900_ai_ci DEFAULT NULL,
  `user_email` varchar(100) CHARACTER SET utf8mb3 COLLATE utf8_general_ci NOT NULL,
  `bio` text CHARACTER SET utf8mb4 COLLATE utf8mb4_0900_ai_ci,
  `whatsapp` text CHARACTER SET utf8mb4 COLLATE utf8mb4_0900_ai_ci,
  `youtube` text CHARACTER SET utf8mb4 COLLATE utf8mb4_0900_ai_ci,
  `facebook` text CHARACTER SET utf8mb4 COLLATE utf8mb4_0900_ai_ci,
  `twitter` text CHARACTER SET utf8mb4 COLLATE utf8mb4_0900_ai_ci,
  `linkedin` text CHARACTER SET utf8mb4 COLLATE utf8mb4_0900_ai_ci,
  `available_cash` double NOT NULL DEFAULT '0',
  `withdrawal_amount` double NOT NULL DEFAULT '0',
  `withdrawal_status` int NOT NULL DEFAULT '1',
  PRIMARY KEY (`nic`),
  KEY `fk_seller_user1_idx` (`user_email`),
  CONSTRAINT `fk_seller_user1` FOREIGN KEY (`user_email`) REFERENCES `user` (`email`)
) ENGINE=InnoDB DEFAULT CHARSET=utf8mb4 COLLATE=utf8mb4_0900_ai_ci;

-- Dumping data for table anytrades.seller: ~3 rows (approximately)
REPLACE INTO `seller` (`nic`, `name`, `mobile`, `user_email`, `bio`, `whatsapp`, `youtube`, `facebook`, `twitter`, `linkedin`, `available_cash`, `withdrawal_amount`, `withdrawal_status`) VALUES
	('200206702833', 'TechGen Vortex', '0719892932', 'vihangaheshan37@gmail.com', 'i\'m vihanga heshan Edirisingha.', 'https://wa.me/+94719892932', 'https://www.youtube.com/channel/UC3at8OR0VqM1wlUAvSa7k7g', 'https://www.facebook.com/vihanga.heshan.54/', '', 'https://www.linkedin.com/in/vihanga-heshan-932555256/', 87130, 500000, 1),
	('200206702834', NULL, '0741023945', 'kavee@gmail.com', NULL, NULL, NULL, NULL, NULL, NULL, 0, 0, 1),
	('200220002703', NULL, '0704421409', 'akilabiman2002@gmail.com', NULL, NULL, NULL, NULL, NULL, NULL, 64500, 236000, 1),
	('200644758425', NULL, '0711612290', 'nimnakaushan@gmail.com', '', '', '', '', '', '', 0, 0, 1);

-- Dumping structure for table anytrades.seller_has_address
CREATE TABLE IF NOT EXISTS `seller_has_address` (
  `id` int NOT NULL AUTO_INCREMENT,
  `seller_nic` varchar(12) CHARACTER SET utf8mb4 COLLATE utf8mb4_0900_ai_ci NOT NULL,
  `city_id` int NOT NULL,
  `line1` varchar(100) DEFAULT NULL,
  `line2` varchar(100) DEFAULT NULL,
  `line3` varchar(100) DEFAULT NULL,
  `postal_code` varchar(45) DEFAULT NULL,
  PRIMARY KEY (`id`),
  KEY `fk_seller_has_city_city1_idx` (`city_id`),
  KEY `fk_seller_has_city_seller1_idx` (`seller_nic`),
  CONSTRAINT `fk_seller_has_city_city1` FOREIGN KEY (`city_id`) REFERENCES `city` (`id`),
  CONSTRAINT `fk_seller_has_city_seller1` FOREIGN KEY (`seller_nic`) REFERENCES `seller` (`nic`)
) ENGINE=InnoDB AUTO_INCREMENT=3 DEFAULT CHARSET=utf8mb4 COLLATE=utf8mb4_0900_ai_ci;

-- Dumping data for table anytrades.seller_has_address: ~2 rows (approximately)
REPLACE INTO `seller_has_address` (`id`, `seller_nic`, `city_id`, `line1`, `line2`, `line3`, `postal_code`) VALUES
	(1, '200644758425', 1228, '10/A', 'Yatawaka', 'Urapola', '11126'),
	(2, '200206702833', 1228, '231/D', 'Deenapamunuwa', 'Urapola', '12266');

-- Dumping structure for table anytrades.seller_profile_image
CREATE TABLE IF NOT EXISTS `seller_profile_image` (
  `id` int NOT NULL AUTO_INCREMENT,
  `seller_nic` varchar(12) NOT NULL,
  `seller_img` varchar(100) DEFAULT NULL,
  `seller_back` varchar(100) DEFAULT NULL,
  PRIMARY KEY (`id`),
  KEY `fk_seller_profile_image_seller1_idx` (`seller_nic`),
  CONSTRAINT `fk_seller_profile_image_seller1` FOREIGN KEY (`seller_nic`) REFERENCES `seller` (`nic`)
) ENGINE=InnoDB AUTO_INCREMENT=2 DEFAULT CHARSET=utf8mb4 COLLATE=utf8mb4_0900_ai_ci;

-- Dumping data for table anytrades.seller_profile_image: ~0 rows (approximately)
REPLACE INTO `seller_profile_image` (`id`, `seller_nic`, `seller_img`, `seller_back`) VALUES
	(1, '200206702833', 'resources//profile_images//200206702833_seller_img_63927ac652ec6.jpeg', 'resources//profile_images//200206702833_seller_background_63927ac6601ff.jpeg');

-- Dumping structure for table anytrades.size
CREATE TABLE IF NOT EXISTS `size` (
  `id` int NOT NULL AUTO_INCREMENT,
  `size` varchar(10) CHARACTER SET utf8mb4 COLLATE utf8mb4_0900_ai_ci DEFAULT NULL,
  `category_id` int NOT NULL,
  PRIMARY KEY (`id`),
  KEY `fk_size_category1_idx` (`category_id`),
  CONSTRAINT `fk_size_category1` FOREIGN KEY (`category_id`) REFERENCES `category` (`id`)
) ENGINE=InnoDB AUTO_INCREMENT=12 DEFAULT CHARSET=utf8mb4 COLLATE=utf8mb4_0900_ai_ci;

-- Dumping data for table anytrades.size: ~11 rows (approximately)
REPLACE INTO `size` (`id`, `size`, `category_id`) VALUES
	(1, 'S', 6),
	(2, 'M', 6),
	(3, 'L', 6),
	(4, 'XL', 6),
	(5, 'XXL', 6),
	(6, 'XXXL', 6),
	(7, '<- 1m', 9),
	(8, '1m - 2m', 9),
	(9, '2m - 5m', 9),
	(10, '5m - 10m', 9),
	(11, '10m ->', 9);

-- Dumping structure for table anytrades.user
CREATE TABLE IF NOT EXISTS `user` (
  `email` varchar(100) CHARACTER SET utf8mb3 COLLATE utf8_general_ci NOT NULL,
  `fname` varchar(50) NOT NULL,
  `lname` varchar(50) NOT NULL,
  `password` varchar(20) NOT NULL,
  `mobile` varchar(10) NOT NULL,
  `join_date` datetime NOT NULL,
  `verification_code` varchar(45) DEFAULT NULL,
  `status` int DEFAULT NULL,
  `gender_id` int NOT NULL,
  `user_type_id` int DEFAULT NULL,
  `dob` date DEFAULT NULL,
  `bio` text,
  `address_status` int DEFAULT '0',
  PRIMARY KEY (`email`),
  KEY `fk_user_gender_idx` (`gender_id`),
  KEY `fk_user_user_type1_idx` (`user_type_id`),
  CONSTRAINT `fk_user_gender` FOREIGN KEY (`gender_id`) REFERENCES `gender` (`id`),
  CONSTRAINT `fk_user_user_type1` FOREIGN KEY (`user_type_id`) REFERENCES `user_type` (`id`)
) ENGINE=InnoDB DEFAULT CHARSET=utf8mb3;

-- Dumping data for table anytrades.user: ~5 rows (approximately)
REPLACE INTO `user` (`email`, `fname`, `lname`, `password`, `mobile`, `join_date`, `verification_code`, `status`, `gender_id`, `user_type_id`, `dob`, `bio`, `address_status`) VALUES
	('akilabiman2002@gmail.com', 'Akil', 'Abhimanash', 'asd321asd', '0704421409', '2022-12-13 11:38:48', NULL, 1, 1, 1, '2022-12-14', '', 1),
	('kavee@gmail.com', 'vishmi', 'kaveesha', 'asd321asd', '0741023945', '2022-11-06 15:32:01', NULL, 1, 2, 1, '2006-05-29', 'I\'m Vishmi.', 0),
	('nimnakaushan@gmail.com', 'Nimna', 'Kaushan', 'asd321asd', '0711612290', '2022-11-29 16:22:24', NULL, 1, 1, 2, '2006-11-18', '', 1),
	('vihangaheshan.online@gmail.com', 'Vihanga', 'Heshan', 'asd321asd', '0719892932', '2024-06-27 17:13:22', NULL, 1, 1, 1, '2002-03-07', '', 1),
	('vihangaheshan37@gmail.com', 'Vihanga', 'Heshan', 'asd321asd', '0719892932', '2022-10-10 20:45:47', NULL, 1, 1, 2, '2002-03-07', '', 2);

-- Dumping structure for table anytrades.user_has_address
CREATE TABLE IF NOT EXISTS `user_has_address` (
  `id` int NOT NULL AUTO_INCREMENT,
  `user_email` varchar(100) NOT NULL,
  `city_id` int NOT NULL,
  `line1` varchar(100) DEFAULT NULL,
  `line2` varchar(100) DEFAULT NULL,
  `line3` varchar(100) DEFAULT NULL,
  `postal_code` int DEFAULT NULL,
  PRIMARY KEY (`id`),
  KEY `fk_user_has_city_city1_idx` (`city_id`),
  KEY `fk_user_has_city_user1_idx` (`user_email`),
  CONSTRAINT `fk_user_has_city_city1` FOREIGN KEY (`city_id`) REFERENCES `city` (`id`),
  CONSTRAINT `fk_user_has_city_user1` FOREIGN KEY (`user_email`) REFERENCES `user` (`email`)
) ENGINE=InnoDB AUTO_INCREMENT=6 DEFAULT CHARSET=utf8mb3;

-- Dumping data for table anytrades.user_has_address: ~4 rows (approximately)
REPLACE INTO `user_has_address` (`id`, `user_email`, `city_id`, `line1`, `line2`, `line3`, `postal_code`) VALUES
	(1, 'vihangaheshan37@gmail.com', 1228, '231/D', 'Deenapamunuwa', 'Urapola', 12266),
	(2, 'kavee@gmail.com', 1228, '231/D', 'Deenapamunuwa', 'Urapola', 11126),
	(3, 'nimnakaushan@gmail.com', 1228, '10/A', 'Yatawaka', 'Urapola', 11126),
	(4, 'akilabiman2002@gmail.com', 1228, '44/M', 'Meevitigammana', 'Urapola', 11129),
	(5, 'vihangaheshan.online@gmail.com', 1228, '231/D', 'Dennapamunuwa', '', 11126);

-- Dumping structure for table anytrades.user_type
CREATE TABLE IF NOT EXISTS `user_type` (
  `id` int NOT NULL AUTO_INCREMENT,
  `name` varchar(10) DEFAULT NULL,
  PRIMARY KEY (`id`)
) ENGINE=InnoDB AUTO_INCREMENT=4 DEFAULT CHARSET=utf8mb4 COLLATE=utf8mb4_0900_ai_ci;

-- Dumping data for table anytrades.user_type: ~2 rows (approximately)
REPLACE INTO `user_type` (`id`, `name`) VALUES
	(1, 'buyer'),
	(2, 'seller');

-- Dumping structure for table anytrades.views
CREATE TABLE IF NOT EXISTS `views` (
  `id` int NOT NULL,
  `viewes` int NOT NULL,
  `product_id` int NOT NULL,
  PRIMARY KEY (`id`),
  KEY `fk_viewes_product1_idx` (`product_id`),
  CONSTRAINT `fk_viewes_product1` FOREIGN KEY (`product_id`) REFERENCES `product` (`id`)
) ENGINE=InnoDB DEFAULT CHARSET=utf8mb4 COLLATE=utf8mb4_0900_ai_ci;

-- Dumping data for table anytrades.views: ~0 rows (approximately)

-- Dumping structure for table anytrades.visiting_history
CREATE TABLE IF NOT EXISTS `visiting_history` (
  `id` int NOT NULL AUTO_INCREMENT,
  `date_time` datetime NOT NULL,
  `admin_id` int NOT NULL,
  PRIMARY KEY (`id`),
  KEY `fk_visiting_history_admin1_idx` (`admin_id`),
  CONSTRAINT `fk_visiting_history_admin1` FOREIGN KEY (`admin_id`) REFERENCES `admin` (`id`)
) ENGINE=InnoDB DEFAULT CHARSET=utf8mb4 COLLATE=utf8mb4_0900_ai_ci;

-- Dumping data for table anytrades.visiting_history: ~0 rows (approximately)

-- Dumping structure for table anytrades.watchlist
CREATE TABLE IF NOT EXISTS `watchlist` (
  `id` int NOT NULL AUTO_INCREMENT,
  `user_email` varchar(100) CHARACTER SET utf8mb3 COLLATE utf8_general_ci NOT NULL,
  `product_id` int NOT NULL,
  PRIMARY KEY (`id`),
  KEY `fk_watchlist_user1_idx` (`user_email`),
  KEY `fk_watchlist_product1_idx` (`product_id`),
  CONSTRAINT `fk_watchlist_product1` FOREIGN KEY (`product_id`) REFERENCES `product` (`id`),
  CONSTRAINT `fk_watchlist_user1` FOREIGN KEY (`user_email`) REFERENCES `user` (`email`)
) ENGINE=InnoDB AUTO_INCREMENT=50 DEFAULT CHARSET=utf8mb4 COLLATE=utf8mb4_0900_ai_ci;

-- Dumping data for table anytrades.watchlist: ~3 rows (approximately)
REPLACE INTO `watchlist` (`id`, `user_email`, `product_id`) VALUES
	(46, 'vihangaheshan37@gmail.com', 20),
	(47, 'vihangaheshan37@gmail.com', 19),
	(48, 'vihangaheshan37@gmail.com', 18),
	(49, 'vihangaheshan.online@gmail.com', 20);

/*!40103 SET TIME_ZONE=IFNULL(@OLD_TIME_ZONE, 'system') */;
/*!40101 SET SQL_MODE=IFNULL(@OLD_SQL_MODE, '') */;
/*!40014 SET FOREIGN_KEY_CHECKS=IFNULL(@OLD_FOREIGN_KEY_CHECKS, 1) */;
/*!40101 SET CHARACTER_SET_CLIENT=@OLD_CHARACTER_SET_CLIENT */;
/*!40111 SET SQL_NOTES=IFNULL(@OLD_SQL_NOTES, 1) */;
